NAME,ECONOMY,DISPLAY_NAME,ALIASES,CATEGORIES,TYPE,VALUE,STATIC,STATICPRICE,STOCK,MEDIAN,INITIATION,STARTPRICE,CEILING,FLOOR,MAXSTOCK,COMPONENTS,DATA_ID,VERSION
acacia_leaves,default,Acacia Leaves,"acacia_leaves,acacialeaves,","organic,",ITEM,1,FALSE,2,0,10000,TRUE,2,1000000,0,0,,1,1
acacia_log,default,Acacia Log,"acacia_log,acacialog,","wood,logs,",ITEM,4,FALSE,8,0,10000,TRUE,8,1000000,0,0,,2,1
acacia_planks,default,Acacia Planks,"acacia_planks,acaciaplanks,","wood,",ITEM,1,FALSE,2,0,10000,TRUE,2,1000000,0,0,,3,1
acacia_sapling,default,Acacia Sapling,"acacia_sapling,acaciasapling,","organic,",ITEM,5,FALSE,10,0,1000,TRUE,10,1000000,0,0,,4,1
activator_rail,default,Activator Rail,"activator_rail,activatorrail,","redstone,",ITEM,33.36,FALSE,66.66,0,10000,TRUE,66.66,1000000,0,0,,5,1
allium,default,Allium,"allium,allium,","organic,flowers,",ITEM,60,FALSE,120,0,5000,TRUE,120,1000000,0,0,,6,1
andesite,default,Andesite,"andesite,andesite,","blocks,",ITEM,22,FALSE,44,0,10000,TRUE,44,1000000,0,0,,7,1
armor_stand,default,Armor Stand,"armor_stand,armorstand,","wood,",ITEM,4.5,FALSE,9,0,10000,TRUE,9,1000000,0,0,,8,1
arrow,default,Arrow,"arrow,arrow,","arrows,",ITEM,2.87,FALSE,5.75,0,1000,TRUE,5.75,1000000,0,0,,9,1
azure_bluet,default,Azure Bluet,"azure_bluet,azurebluet,","organic,flowers,",ITEM,30,FALSE,60,0,10000,TRUE,60,1000000,0,0,,10,1
bamboo,default,Bamboo,"bamboo,bamboo,","organic,",ITEM,5,FALSE,10,0,10000,TRUE,10,1000000,0,0,,11,1
bamboo_sapling,default,Bamboo Sapling,"bamboo_sapling,bamboosapling,","organic,",ITEM,5,FALSE,10,0,10000,TRUE,10,1000000,0,0,,12,1
beetroot,default,Beetroot,"beetroot,beetroot,","food,",ITEM,30,FALSE,60,0,10000,TRUE,60,1000000,0,0,,13,1
beetroots,default,Beetroots,"beetroots,beetroots,","food,",ITEM,30,FALSE,60,0,10000,TRUE,60,1000000,0,0,,14,1
beetroot_seeds,default,Beetroot Seeds,"beetroot_seeds,beetrootseeds,","organic,",ITEM,10,FALSE,20,0,10000,TRUE,20,1000000,0,0,,15,1
beetroot_soup,default,Beetroot Soup,"beetroot_soup,beetrootsoup,","food,",ITEM,180.75,FALSE,361.5,0,10000,TRUE,361.5,1000000,0,0,,16,1
birch_leaves,default,Birch Leaves,"birch_leaves,birchleaves,","organic,",ITEM,1,FALSE,2,0,10000,TRUE,2,1000000,0,0,,17,1
birch_log,default,Birch Log,"birch_log,birchlog,","wood,logs,",ITEM,4,FALSE,8,0,10000,TRUE,8,1000000,0,0,,18,1
birch_planks,default,Birch Planks,"birch_planks,birchplanks,","wood,",ITEM,1,FALSE,2,0,10000,TRUE,2,1000000,0,0,,19,1
birch_sapling,default,Birch Sapling,"birch_sapling,birchsapling,","organic,",ITEM,5,FALSE,10,0,1000,TRUE,10,1000000,0,0,,20,1
black_concrete,default,Black Concrete,"black_concrete,blackconcrete,","concrete,",ITEM,4.62,FALSE,9.25,0,1000,TRUE,9.25,1000000,0,0,,21,1
blue_concrete,default,Blue Concrete,"blue_concrete,blueconcrete,","concrete,",ITEM,5.87,FALSE,11.75,0,10000,TRUE,11.75,1000000,0,0,,22,1
black_terracotta,default,Black Terracotta,"black_terracotta,blackterracotta,","terracotta,",ITEM,25.87,FALSE,51.75,0,1000,TRUE,51.75,1000000,0,0,,23,1
blaze_rod,default,Blaze Rod,"blaze_rod,blazerod,","brewing,",ITEM,250,FALSE,500,0,1000,TRUE,500,1000000,0,0,,24,1
brown_concrete,default,Brown Concrete,"brown_concrete,brownconcrete,","concrete,",ITEM,3.5,FALSE,7,0,10000,TRUE,7,1000000,0,0,,25,1
cyan_concrete,default,Cyan Concrete,"cyan_concrete,cyanconcrete,","concrete,",ITEM,5.06,FALSE,10.12,0,10000,TRUE,10.12,1000000,0,0,,26,1
blue_ice,default,Blue Ice,"blue_ice,blueice,","blocks,",ITEM,400,FALSE,800,0,1000,TRUE,800,1000000,0,0,,27,1
blue_orchid,default,Blue Orchid,"blue_orchid,blueorchid,","organic,flowers,",ITEM,20,FALSE,40,0,10000,TRUE,40,1000000,0,0,,28,1
blue_terracotta,default,Blue Terracotta,"blue_terracotta,blueterracotta,","terracotta,",ITEM,27.12,FALSE,54.25,0,5000,TRUE,54.25,1000000,0,0,,29,1
bone,default,Bone,"bone,bone,","brewing,organic,",ITEM,10,FALSE,20,0,10000,TRUE,20,1000000,0,0,,30,1
bone_block,default,Bone Block,"bone_block,boneblock,","organic,",ITEM,90,FALSE,180,0,10000,TRUE,180,1000000,0,0,,31,1
bone_meal,default,Bone Meal,"bone_meal,bonemeal,","brewing,organic,",ITEM,3.33,FALSE,6.66,0,10000,TRUE,6.66,1000000,0,0,,32,1
book,default,Book,"book,book,","other,",ITEM,25,FALSE,50,0,3000,TRUE,50,1000000,0,0,,33,1
bookshelf,default,Bookshelf,"bookshelf,bookshelf,","blocks,",ITEM,81,FALSE,162,0,3000,TRUE,162,1000000,0,0,,34,1
bowl,default,Bowl,"bowl,bowl,","other,",ITEM,0.75,FALSE,1.5,0,10000,TRUE,1.5,1000000,0,0,,35,1
bread,default,Bread,"bread,bread,","food,",ITEM,15,FALSE,30,0,10000,TRUE,30,1000000,0,0,,36,1
brick,default,Brick,"brick,brick,","blocks,",ITEM,10,FALSE,20,0,1000,TRUE,20,1000000,0,0,,37,1
bricks,default,Bricks,"bricks,bricks,","blocks,",ITEM,40,FALSE,80,0,1000,TRUE,80,1000000,0,0,,38,1
gray_concrete,default,Gray Concrete,"gray_concrete,grayconcrete,","concrete,",ITEM,3.89,FALSE,7.79,0,1000,TRUE,7.79,1000000,0,0,,39,1
green_concrete,default,Green Concrete,"green_concrete,greenconcrete,","concrete,",ITEM,4.25,FALSE,8.5,0,10000,TRUE,8.5,1000000,0,0,,40,1
brown_mushroom,default,Brown Mushroom,"brown_mushroom,brownmushroom,","organic,",ITEM,1,FALSE,2,0,10000,TRUE,2,1000000,0,0,,41,1
brown_terracotta,default,Brown Terracotta,"brown_terracotta,brownterracotta,","terracotta,",ITEM,24.75,FALSE,49.5,0,5000,TRUE,49.5,1000000,0,0,,42,1
bucket,default,Bucket,"bucket,bucket,","tools,",ITEM,120,FALSE,240,0,1000,TRUE,240,1000000,0,0,,43,1
cactus,default,Cactus,"cactus,cactus,","organic,",ITEM,4,FALSE,8,0,10000,TRUE,8,1000000,0,0,,44,1
cake,default,Cake,"cake,cake,","food,",ITEM,40,FALSE,80,0,1000,TRUE,400,1000000,0,0,,45,1
carrot,default,Carrot,"carrot,carrot,","food,",ITEM,20,FALSE,40,0,10000,TRUE,40,1000000,0,0,,46,1
charcoal,default,Charcoal,"charcoal,charcoal,","ores,",ITEM,5,FALSE,10,0,5000,TRUE,10,1000000,0,0,,47,1
chorus_flower,default,Chorus Flower,"chorus_flower,chorusflower,","end,",ITEM,300,FALSE,600,0,1000,TRUE,600,1000000,0,0,,48,1
chorus_fruit,default,Chorus Fruit,"chorus_fruit,chorusfruit,","end,food,",ITEM,300,FALSE,600,0,1000,TRUE,600,1000000,0,0,,49,1
chorus_plant,default,Chorus Plant,"chorus_plant,chorusplant,","end,",ITEM,300,FALSE,600,0,1000,TRUE,600,1000000,0,0,,50,1
clay,default,Clay,"clay,clay,","blocks,",ITEM,20,FALSE,40,0,1000,TRUE,40,1000000,0,0,,51,1
clay_ball,default,Clay Ball,"clay_ball,clayball,","other,",ITEM,5,FALSE,10,0,10000,TRUE,10,1000000,0,0,,52,1
coal,default,Coal,"coal,coal,","ores,",ITEM,6.66,FALSE,12,0,10000,TRUE,12,1000000,0,0,,53,1
coal_block,default,Coal Block,"coal_block,coalblock,","ores,",ITEM,59.94,FALSE,108,0,10000,TRUE,108,1000000,0,0,,54,1
cobblestone,default,Cobblestone,"cobblestone,cobblestone,","blocks,",ITEM,1,FALSE,2,0,25000,TRUE,2,1000000,0,0,,55,1
cocoa_beans,default,Cocoa Beans,"cocoa_beans,cocoabeans,","organic,",ITEM,6,FALSE,12,0,10000,TRUE,12,1000000,0,0,,56,1
cooked_beef,default,Cooked Beef,"cooked_beef,cookedbeef,","food,",ITEM,40,FALSE,80,0,10000,TRUE,80,1000000,0,0,,57,1
cooked_chicken,default,Cooked Chicken,"cooked_chicken,cookedchicken,","mobeggs,",ITEM,32,FALSE,64,0,10000,TRUE,64,1000000,0,0,,58,1
cooked_cod,default,Cooked Cod,"cooked_cod,cookedcod,","fish,food,",ITEM,32,FALSE,64,0,1000,TRUE,64,1000000,0,0,,59,1
cooked_mutton,default,Cooked Mutton,"cooked_mutton,cookedmutton,","food,",ITEM,40,FALSE,80,0,10000,TRUE,80,1000000,0,0,,60,1
cooked_porkchop,default,Cooked Porkchop,"cooked_porkchop,cookedporkchop,","food,",ITEM,40,FALSE,80,0,1000,TRUE,80,1000000,0,0,,61,1
cooked_rabbit,default,Cooked Rabbit,"cooked_rabbit,cookedrabbit,","food,",ITEM,40,FALSE,80,0,10000,TRUE,80,1000000,0,0,,62,1
cooked_salmon,default,Cooked Salmon,"cooked_salmon,cookedsalmon,","food,",ITEM,40,FALSE,80,0,10000,TRUE,80,1000000,0,0,,63,1
cookie,default,Cookie,"cookie,cookie,","food,",ITEM,2,FALSE,4,0,10000,TRUE,4,1000000,0,0,,64,1
cornflower,default,Cornflower,"cornflower,cornflower,","organic,flowers,",ITEM,30,FALSE,60,0,10000,TRUE,60,1000000,0,0,,65,1
cut_red_sandstone,default,Cut Red Sandstone,"cut_red_sandstone,cutredsandstone,","blocks,",ITEM,60,FALSE,120,0,10000,TRUE,120,1000000,0,0,,66,1
cut_sandstone,default,Cut Sandstone,"cut_sandstone,cutsandstone,","blocks,",ITEM,20,FALSE,40,0,10000,TRUE,40,1000000,0,0,,67,1
light_blue_concrete,default,Light Blue Concrete,"light_blue_concrete,lightblueconcrete,","concrete,",ITEM,4.52,FALSE,9.04,0,10000,TRUE,9.04,1000000,0,0,,68,1
light_gray_concrete,default,Light Gray Concrete,"light_gray_concrete,lightgrayconcrete,","concrete,",ITEM,3.53,FALSE,7.06,0,1000,TRUE,7.06,1000000,0,0,,69,1
cyan_terracotta,default,Cyan Terracotta,"cyan_terracotta,cyanterracotta,","terracotta,",ITEM,26.31,FALSE,52.62,0,5000,TRUE,52.62,1000000,0,0,,70,1
dark_oak_leaves,default,Dark Oak Leaves,"dark_oak_leaves,darkoakleaves,","organic,",ITEM,1,FALSE,2,0,10000,TRUE,2,1000000,0,0,,71,1
dark_oak_log,default,Dark Oak Log,"dark_oak_log,darkoaklog,","wood,logs,",ITEM,4,FALSE,8,0,10000,TRUE,8,1000000,0,0,,72,1
dark_oak_planks,default,Dark Oak Planks,"dark_oak_planks,darkoakplanks,","wood,",ITEM,1,FALSE,2,0,10000,TRUE,2,1000000,0,0,,73,1
dark_oak_sapling,default,Dark Oak Sapling,"dark_oak_sapling,darkoaksapling,","organic,",ITEM,5,FALSE,10,0,1000,TRUE,10,1000000,0,0,,74,1
dark_prismarine,default,Dark Prismarine,"dark_prismarine,darkprismarine,","underwater,",ITEM,1215,FALSE,2430,0,1000,TRUE,2430,1000000,0,0,,75,1
detector_rail,default,Detector Rail,"detector_rail,detectorrail,","rail,redstone,",ITEM,34.11,FALSE,68.16,0,10000,TRUE,68.16,1000000,0,0,,76,1
diamond,default,Diamond,"diamond,diamond,","ores,",ITEM,2000,FALSE,4000,0,2500,TRUE,4000,1000000,0,0,,77,1
diamond_horse_armor,default,Diamond Horse Armor,"diamond_horse_armor,diamondhorsearmor,","horses,",ITEM,20000,FALSE,40000,0,100,TRUE,40000,1000000,0,0,,78,1
diorite,default,Diorite,"diorite,diorite,","blocks,ores,",ITEM,21,FALSE,42,0,10000,TRUE,42,1000000,0,0,,79,1
dirt,default,Dirt,"dirt,dirt,","blocks,",ITEM,0.5,FALSE,1,0,10000,TRUE,1,1000000,0,0,,80,1
dried_kelp,default,Dried Kelp,"dried_kelp,driedkelp,","organic,food",ITEM,4,FALSE,8,0,10000,TRUE,8,1000000,0,0,,81,1
egg,default,Egg,"egg,egg,","organic,",ITEM,2,FALSE,4,0,10000,TRUE,4,1000000,0,0,,82,1
elytra,default,Elytra,"elytra,elytra,","end,rare,",ITEM,100000,FALSE,200000,0,50,TRUE,200000,1000000,0,0,,83,1
emerald,default,Emerald,"emerald,emerald,","ores,",ITEM,256,FALSE,512,0,15000,TRUE,512,1000000,0,0,,84,1
emerald_block,default,Emerald Block,"emerald_block,emeraldblock,","ores,",ITEM,2304,FALSE,4608,0,15000,TRUE,4608,1000000,0,0,,85,1
enchanted_golden_apple,default,Enchanted Golden Apple,"enchanted_golden_apple,enchantedgoldenapple,","food,",ITEM,9272,FALSE,18444,0,2000,TRUE,18444,1000000,0,0,,86,1
ender_eye,default,Ender Eye,"ender_eye,endereye,","end,",ITEM,525,FALSE,1050,0,1000,TRUE,1050,1000000,0,0,,87,1
ender_pearl,default,Ender Pearl,"ender_pearl,enderpearl,","brewing,",ITEM,400,FALSE,800,0,1000,TRUE,800,1000000,0,0,,88,1
end_crystal,default,End Crystal,"end_crystal,endcrystal,","end,",ITEM,995,FALSE,1990,0,1000,TRUE,1990,1000000,0,0,,89,1
end_rod,default,End Rod,"end_rod,endrod,","end,",ITEM,137.5,FALSE,275,0,1000,TRUE,275,1000000,0,0,,90,1
end_stone,default,End Stone,"end_stone,endstone,","blocks,end,",ITEM,75,FALSE,150,0,1000,TRUE,150,1000000,0,0,,91,1
end_stone_bricks,default,End Stone Bricks,"end_stone_bricks,endstonebricks,","end,blocks,",ITEM,75,FALSE,150,0,1000,TRUE,150,1000000,0,0,,92,1
feather,default,Feather,"feather,feather,","organic,",ITEM,3,FALSE,6,0,10000,TRUE,6,1000000,0,0,,93,1
fermented_spider_eye,default,Fermented Spider Eye,"fermented_spider_eye,fermentedspidereye,","brewing,",ITEM,21,FALSE,42,0,10000,TRUE,42,1000000,0,0,,94,1
fern,default,Fern,"fern,fern,","organic,",ITEM,3,FALSE,6,0,10000,TRUE,6,1000000,0,0,,95,1
firework_rocket,default,Firework Rocket,"firework_rocket,fireworkrocket,","fireworks,",ITEM,150,FALSE,300,0,10000,TRUE,300,1000000,0,0,,96,1
firework_star,default,Firework Star,"firework_star,fireworkstar,","fireworks,",ITEM,50,FALSE,100,0,10000,TRUE,100,1000000,0,0,,97,1
fire_charge,default,Fire Charge,"fire_charge,firecharge,","fireworks,",ITEM,53.88,FALSE,107.33,0,1000,TRUE,107.33,1000000,0,0,,98,1
flint,default,Flint,"flint,flint,","ores,",ITEM,8,FALSE,16,0,1000,TRUE,16,1000000,0,0,,99,1
ghast_tear,default,Ghast Tear,"ghast_tear,ghasttear,","brewing,",ITEM,400,FALSE,800,0,1000,TRUE,800,1000000,0,0,,100,1
glistering_melon_slice,default,Glistering Melon Slice,"glistering_melon_slice,glisteringmelonslice,","brewing,",ITEM,122,FALSE,244,0,10000,TRUE,244,1000000,0,0,,101,1
glowstone,default,Glowstone,"glowstone,glowstone,","blocks,",ITEM,64,FALSE,128,0,10000,TRUE,128,1000000,0,0,,102,1
glowstone_dust,default,Glowstone Dust,"glowstone_dust,glowstonedust,","brewing,",ITEM,16,FALSE,32,0,10000,TRUE,32,1000000,0,0,,103,1
golden_apple,default,Golden Apple,"golden_apple,goldenapple,","food,",ITEM,1208,FALSE,2316,0,2000,TRUE,2316,1000000,0,0,,104,1
golden_carrot,default,Golden Carrot,"golden_carrot,goldencarrot,","food,",ITEM,132,FALSE,264,0,10000,TRUE,264,1000000,0,0,,105,1
golden_horse_armor,default,Golden Horse Armor,"golden_horse_armor,goldenhorsearmor,","horses,",ITEM,15000,FALSE,30000,0,150,TRUE,30000,1000000,0,0,,106,1
gold_ingot,default,Gold Ingot,"gold_ingot,goldingot,","ores,",ITEM,126,FALSE,252,0,10000,TRUE,252,1000000,0,0,,107,1
granite,default,Granite,"granite,granite,","blocks,ores,",ITEM,41,FALSE,82,0,10000,TRUE,82,1000000,0,0,,108,1
gravel,default,Gravel,"gravel,gravel,","blocks,",ITEM,0.5,FALSE,1,0,10000,TRUE,1,1000000,0,0,,109,1
lime_concrete,default,Lime Concrete,"lime_concrete,limeconcrete,","concrete,",ITEM,3.7,FALSE,7.41,0,10000,TRUE,7.41,1000000,0,0,,110,1
magenta_concrete,default,Magenta Concrete,"magenta_concrete,magentaconcrete,","concrete,",ITEM,3.94,FALSE,7.89,0,10000,TRUE,7.89,1000000,0,0,,111,1
gray_terracotta,default,Gray Terracotta,"gray_terracotta,grayterracotta,","terracotta,",ITEM,25.14,FALSE,50.29,0,1000,TRUE,50.29,1000000,0,0,,112,1
orange_concrete,default,Orange Concrete,"orange_concrete,orangeconcrete,","concrete,",ITEM,3.37,FALSE,6.75,0,10000,TRUE,6.75,1000000,0,0,,113,1
pink_concrete,default,Pink Concrete,"pink_concrete,pinkconcrete,","concrete,",ITEM,10,FALSE,20,0,10000,TRUE,20,1000000,0,0,,114,1
green_terracotta,default,Green Terracotta,"green_terracotta,greenterracotta,","terracotta,",ITEM,25.5,FALSE,51,0,5000,TRUE,51,1000000,0,0,,115,1
gunpowder,default,Gunpowder,"gunpowder,gunpowder,","brewing,other,",ITEM,30,FALSE,60,0,10000,TRUE,60,1000000,0,0,,116,1
hay_block,default,Hay Block,"hay_block,hayblock,","horses,organic,",ITEM,45,FALSE,90,0,10000,TRUE,90,1000000,0,0,,117,1
honeycomb,default,Honeycomb,"honeycomb,honeycomb,","organic,",ITEM,40,FALSE,80,0,10000,TRUE,80,1000000,0,0,,118,1
honey_block,default,Honey Block,"honey_block,honeyblock,","organic,",ITEM,25,FALSE,50,0,10000,TRUE,50,1000000,0,0,,119,1
honey_bottle,default,Honey Bottle,"honey_bottle,honeybottle,","other,",ITEM,5,FALSE,10,0,10000,TRUE,10,1000000,0,0,,120,1
ice,default,Ice,"ice,ice,","blocks,",ITEM,200,FALSE,400,0,1000,TRUE,400,1000000,0,0,,121,1
ink_sac,default,Ink Sac,"ink_sac,inksac,","organic,dyes,",ITEM,15,FALSE,30,0,1000,TRUE,30,1000000,0,0,,122,1
iron_horse_armor,default,Iron Horse Armor,"iron_horse_armor,ironhorsearmor,","horses,",ITEM,8000,FALSE,16000,0,200,TRUE,16000,1000000,0,0,,123,1
iron_ingot,default,Iron Ingot,"iron_ingot,ironingot,","ores,",ITEM,32,FALSE,64,0,15000,TRUE,64,1000000,0,0,,124,1
jungle_leaves,default,Jungle Leaves,"jungle_leaves,jungleleaves,","organic,",ITEM,1,FALSE,2,0,10000,TRUE,2,1000000,0,0,,125,1
jungle_log,default,Jungle Log,"jungle_log,junglelog,","wood,logs,",ITEM,4,FALSE,8,0,10000,TRUE,8,1000000,0,0,,126,1
jungle_planks,default,Jungle Planks,"jungle_planks,jungleplanks,","wood,",ITEM,1,FALSE,2,0,10000,TRUE,2,1000000,0,0,,127,1
jungle_sapling,default,Jungle Sapling,"jungle_sapling,junglesapling,","organic,",ITEM,5,FALSE,10,0,1000,TRUE,10,1000000,0,0,,128,1
kelp,default,Kelp,"kelp,kelp,","organic,",ITEM,2,FALSE,4,0,10000,TRUE,4,1000000,0,0,,129,1
lapis_lazuli,default,Lapis Lazuli,"lapis_lazuli,lapislazuli,","dyes,",ITEM,25,FALSE,50,0,10000,TRUE,50,1000000,0,0,,130,1
lava_bucket,default,Lava Bucket,"lava_bucket,lavabucket,","tools,",ITEM,175,FALSE,300,0,500,TRUE,300,1000000,0,0,,131,1
lead,default,Lead,"lead,lead,","horses,",ITEM,27,FALSE,54,0,10000,TRUE,54,1000000,0,0,,132,1
leather,default,Leather,"leather,leather,","organic,",ITEM,10,FALSE,20,0,3000,TRUE,20,1000000,0,0,,133,1
purple_concrete,default,Purple Concrete,"purple_concrete,purpleconcrete,","concrete,",ITEM,4.62,FALSE,9.25,0,10000,TRUE,9.25,1000000,0,0,,134,1
red_concrete,default,Red Concrete,"red_concrete,redconcrete,","concrete,",ITEM,3.37,FALSE,6.75,0,10000,TRUE,6.75,1000000,0,0,,135,1
light_blue_terracotta,default,Light Blue Terracotta,"light_blue_terracotta,lightblueterracotta,","terracotta,",ITEM,25.77,FALSE,51.54,0,5000,TRUE,51.54,1000000,0,0,,136,1
white_concrete,default,White Concrete,"white_concrete,whiteconcrete,","concrete,",ITEM,3.16,FALSE,6.33,0,10000,TRUE,6.33,1000000,0,0,,137,1
yellow_concrete,default,Yellow Concrete,"yellow_concrete,yellowconcrete,","concrete,",ITEM,3.37,FALSE,6.75,0,10000,TRUE,6.75,1000000,0,0,,138,1
light_gray_terracotta,default,Light Gray Terracotta,"light_gray_terracotta,lightgrayterracotta,","terracotta,",ITEM,24.78,FALSE,49.56,0,1000,TRUE,49.56,1000000,0,0,,139,1
lilac,default,Lilac,"lilac,lilac,","organic,flowers,",ITEM,40,FALSE,80,0,10000,TRUE,80,1000000,0,0,,140,1
lily_pad,default,Lily Pad,"lily_pad,lilypad,","organic,",ITEM,4,FALSE,8,0,1000,TRUE,8,1000000,0,0,,141,1
black_dye,default,Black Dye,"black_dye,blackdye,","dye,",ITEM,4.62,FALSE,9.25,0,1000,TRUE,9.25,1000000,0,0,,142,1
blue_dye,default,Blue Dye,"blue_dye,bluedye,","dye,",ITEM,5.87,FALSE,11.75,0,10000,TRUE,11.75,1000000,0,0,,143,1
lime_terracotta,default,Lime Terracotta,"lime_terracotta,limeterracotta,","terracotta,",ITEM,24.95,FALSE,49.91,0,5000,TRUE,49.91,1000000,0,0,,144,1
brown_dye,default,Brown Dye,"brown_dye,browndye,","dye,",ITEM,3.5,FALSE,7,0,10000,TRUE,7,1000000,0,0,,145,1
cyan_dye,default,Cyan Dye,"cyan_dye,cyandye,","dye,",ITEM,5.06,FALSE,10.12,0,10000,TRUE,10.12,1000000,0,0,,146,1
magenta_terracotta,default,Magenta Terracotta,"magenta_terracotta,magentaterracotta,","terracotta,",ITEM,25.19,FALSE,50.39,0,5000,TRUE,50.39,1000000,0,0,,147,1
magma_cream,default,Magma Cream,"magma_cream,magmacream,","brewing,",ITEM,175,FALSE,350,0,1000,TRUE,350,1000000,0,0,,148,1
melon,default,Melon,"melon,melon,","organic,",ITEM,90,FALSE,180,0,10000,TRUE,180,1000000,0,0,,149,1
melon_seeds,default,Melon Seeds,"melon_seeds,melonseeds,","organic,",ITEM,30,FALSE,60,0,1000,TRUE,60,1000000,0,0,,150,1
melon_slice,default,Melon Slice,"melon_slice,melonslice,","food,organic,",ITEM,10,FALSE,20,0,10000,TRUE,20,1000000,0,0,,151,1
milk_bucket,default,Milk Bucket,"milk_bucket,milkbucket,","organic,",ITEM,120,FALSE,240,0,500,TRUE,240,1000000,0,0,,152,1
minecart,default,Minecart,"minecart,minecart,","rail,",ITEM,160,FALSE,320,0,15000,TRUE,320,1000000,0,0,,153,1
mossy_cobblestone,default,Mossy Cobblestone,"mossy_cobblestone,mossycobblestone,","blocks,",ITEM,200,FALSE,400,0,1000,TRUE,400,1000000,0,0,,154,1
mossy_stone_bricks,default,Mossy Stone Bricks,"mossy_stone_bricks,mossystonebricks,","blocks,",ITEM,150,FALSE,300,0,1000,TRUE,300,1000000,0,0,,155,1
mushroom_stew,default,Mushroom Stew,"mushroom_stew,mushroomstew,","food,",ITEM,2.75,FALSE,5.5,0,10000,TRUE,5.5,1000000,0,0,,156,1
mycelium,default,Mycelium,"mycelium,mycelium,","blocks,organic,",ITEM,0.5,FALSE,1,0,10000,TRUE,1,1000000,0,0,,157,1
name_tag,default,Name Tag,"name_tag,nametag,","horses,rare,",ITEM,10000,FALSE,20000,0,100,TRUE,20000,1000000,0,0,,158,1
nautilus_shell,default,Nautilus Shell,"nautilus_shell,nautilusshell,","organic,rare",ITEM,20000,FALSE,40000,0,100,TRUE,40000,1000000,0,0,,159,1
netherrack,default,Netherrack,"netherrack,netherrack,","blocks,",ITEM,3,FALSE,6,0,10000,TRUE,6,1000000,0,0,,160,1
nether_brick,default,Nether Brick,"nether_brick,netherbrick,","other,",ITEM,5,FALSE,10,0,10000,TRUE,10,1000000,0,0,,161,1
nether_bricks,default,Nether Bricks,"nether_bricks,netherbricks,","blocks,",ITEM,20,FALSE,40,0,10000,TRUE,40,1000000,0,0,,162,1
nether_star,default,Nether Star,"nether_star,netherstar,","rare,",ITEM,72000,FALSE,144000,0,50,TRUE,144000,1000000,0,0,,163,1
nether_wart,default,Nether Wart,"nether_wart,netherwart,","brewing,",ITEM,20,FALSE,40,0,10000,TRUE,40,1000000,0,0,,164,1
oak_leaves,default,Oak Leaves,"oak_leaves,oakleaves,","organic,",ITEM,1,FALSE,2,0,10000,TRUE,2,1000000,0,0,,165,1
oak_log,default,Oak Log,"oak_log,oaklog,","wood,logs,",ITEM,4,FALSE,8,0,10000,TRUE,8,1000000,0,0,,166,1
oak_planks,default,Oak Planks,"oak_planks,oakplanks,","wood,",ITEM,1,FALSE,2,0,10000,TRUE,2,1000000,0,0,,167,1
oak_sapling,default,Oak Sapling,"oak_sapling,oaksapling,","organic,",ITEM,5,FALSE,10,0,1000,TRUE,10,1000000,0,0,,168,1
obsidian,default,Obsidian,"obsidian,obsidian,","blocks,",ITEM,100,FALSE,200,0,1000,TRUE,200,1000000,0,0,,169,1
gray_dye,default,Gray Dye,"gray_dye,graydye,","dye,",ITEM,3.89,FALSE,7.79,0,1000,TRUE,7.79,1000000,0,0,,170,1
green_dye,default,Green Dye,"green_dye,greendye,","dye,",ITEM,4.25,FALSE,8.5,0,10000,TRUE,8.5,1000000,0,0,,171,1
orange_terracotta,default,Orange Terracotta,"orange_terracotta,orangeterracotta,","terracotta,",ITEM,24.62,FALSE,49.25,0,5000,TRUE,49.25,1000000,0,0,,172,1
orange_tulip,default,Orange Tulip,"orange_tulip,orangetulip,","organic,flowers,",ITEM,30,FALSE,60,0,10000,TRUE,60,1000000,0,0,,173,1
oxeye_daisy,default,Oxeye Daisy,"oxeye_daisy,oxeyedaisy,","organic,flowers,",ITEM,30,FALSE,60,0,10000,TRUE,60,1000000,0,0,,174,1
packed_ice,default,Packed Ice,"packed_ice,packedice,","blocks,",ITEM,800,FALSE,1600,0,1000,TRUE,1600,1000000,0,0,,175,1
paper,default,Paper,"paper,paper,","other,",ITEM,5,FALSE,10,0,10000,TRUE,10,1000000,0,0,,176,1
peony,default,Peony,"peony,peony,","organic,flowers,",ITEM,40,FALSE,80,0,10000,TRUE,80,1000000,0,0,,177,1
phantom_membrane,default,Phantom Membrane,"phantom_membrane,phantommembrane,","organic,rare",ITEM,20000,FALSE,40000,0,100,TRUE,40000,1000000,0,0,,178,1
light_blue_dye,default,Light Blue Dye,"light_blue_dye,lightbluedye,","dye,",ITEM,4.52,FALSE,9.04,0,10000,TRUE,9.04,1000000,0,0,,179,1
light_gray_dye,default,Light Gray Dye,"light_gray_dye,lightgraydye,","dye,",ITEM,3.53,FALSE,7.06,0,1000,TRUE,7.06,1000000,0,0,,180,1
pink_terracotta,default,Pink Terracotta,"pink_terracotta,pinkterracotta,","terracotta,",ITEM,24.52,FALSE,49.04,0,5000,TRUE,49.04,1000000,0,0,,181,1
pink_tulip,default,Pink Tulip,"pink_tulip,pinktulip,","organic,flowers,",ITEM,30,FALSE,60,0,10000,TRUE,60,1000000,0,0,,182,1
podzol,default,Podzol,"podzol,podzol,","blocks,",ITEM,200,FALSE,400,0,1000,TRUE,400,1000000,0,0,,183,1
polished_andesite,default,Polished Andesite,"polished_andesite,polishedandesite,","blocks,",ITEM,21,FALSE,42,0,10000,TRUE,42,1000000,0,0,,184,1
polished_diorite,default,Polished Diorite,"polished_diorite,polisheddiorite,","blocks,",ITEM,21,FALSE,42,0,10000,TRUE,42,1000000,0,0,,185,1
polished_granite,default,Polished Granite,"polished_granite,polishedgranite,","blocks,",ITEM,21,FALSE,42,0,10000,TRUE,42,1000000,0,0,,186,1
popped_chorus_fruit,default,Popped Chorus Fruit,"popped_chorus_fruit,poppedchorusfruit,","end,",ITEM,300,FALSE,600,0,2000,TRUE,600,1000000,0,0,,187,1
poppy,default,Poppy,"poppy,poppy,","organic,",ITEM,10,FALSE,20,0,10000,TRUE,20,1000000,0,0,,188,1
potato,default,Potato,"potato,potato,","food,",ITEM,20,FALSE,40,0,10000,TRUE,40,1000000,0,0,,189,1
powered_rail,default,Powered Rail,"powered_rail,poweredrail,","rail,redstone,",ITEM,127.19,FALSE,254.33,0,10000,TRUE,254.33,1000000,0,0,,190,1
prismarine,default,Prismarine,"prismarine,prismarine,","underwater,",ITEM,600,FALSE,1200,0,1000,TRUE,1200,1000000,0,0,,191,1
prismarine_bricks,default,Prismarine Bricks,"prismarine_bricks,prismarinebricks,","underwater,",ITEM,1350,FALSE,2700,0,1000,TRUE,2700,1000000,0,0,,192,1
prismarine_crystals,default,Prismarine Crystals,"prismarine_crystals,prismarinecrystals,","underwater,",ITEM,800,FALSE,1600,0,1000,TRUE,1600,1000000,0,0,,193,1
prismarine_shard,default,Prismarine Shard,"prismarine_shard,prismarineshard,","underwater,",ITEM,150,FALSE,300,0,1000,TRUE,300,1000000,0,0,,194,1
pumpkin,default,Pumpkin,"pumpkin,pumpkin,","organic,",ITEM,20,FALSE,40,0,3000,TRUE,40,1000000,0,0,,195,1
pumpkin_pie,default,Pumpkin Pie,"pumpkin_pie,pumpkinpie,","food,",ITEM,27,FALSE,54,0,3000,TRUE,54,1000000,0,0,,196,1
pumpkin_seeds,default,Pumpkin Seeds,"pumpkin_seeds,pumpkinseeds,","organic,",ITEM,5,FALSE,10,0,10000,TRUE,10,1000000,0,0,,197,1
lime_dye,default,Lime Dye,"lime_dye,limedye,","dye,",ITEM,3.7,FALSE,7.41,0,10000,TRUE,7.41,1000000,0,0,,198,1
magenta_dye,default,Magenta Dye,"magenta_dye,magentadye,","dye,",ITEM,3.94,FALSE,7.89,0,10000,TRUE,7.89,1000000,0,0,,199,1
purple_terracotta,default,Purple Terracotta,"purple_terracotta,purpleterracotta,","terracotta,",ITEM,25.87,FALSE,51.75,0,5000,TRUE,51.75,1000000,0,0,,200,1
purpur_block,default,Purpur Block,"purpur_block,purpurblock,","end,",ITEM,300,FALSE,600,0,2000,TRUE,600,1000000,0,0,,201,1
purpur_pillar,default,Purpur Pillar,"purpur_pillar,purpurpillar,","end,",ITEM,300,FALSE,600,0,2000,TRUE,600,1000000,0,0,,202,1
quartz,default,Quartz,"quartz,quartz,","ores,",ITEM,20,FALSE,40,0,10000,TRUE,40,1000000,0,0,,203,1
quartz_pillar,default,Quartz Pillar,"quartz_pillar,quartzpillar,","blocks,",ITEM,80,FALSE,160,0,10000,TRUE,160,1000000,0,0,,204,1
rabbit_foot,default,Rabbit Foot,"rabbit_foot,rabbitfoot,","organic,",ITEM,300,FALSE,600,0,1000,TRUE,600,1000000,0,0,,205,1
rabbit_hide,default,Rabbit Hide,"rabbit_hide,rabbithide,","organic,",ITEM,2.5,FALSE,5,0,10000,TRUE,5,1000000,0,0,,206,1
rabbit_stew,default,Rabbit Stew,"rabbit_stew,rabbitstew,","food,",ITEM,85.75,FALSE,171.5,0,10000,TRUE,171.5,1000000,0,0,,207,1
rail,default,Rail,"rail,rail,","rail,",ITEM,12.03,FALSE,24.06,0,10000,TRUE,24.06,1000000,0,0,,208,1
redstone,default,Redstone,"redstone,redstone,","ores,redstone,",ITEM,6.66,FALSE,13,0,10000,TRUE,13,1000000,0,0,,209,1
orange_dye,default,Orange Dye,"orange_dye,orangedye,","dye,",ITEM,3.37,FALSE,6.75,0,10000,TRUE,6.75,1000000,0,0,,210,1
pink_dye,default,Pink Dye,"pink_dye,pinkdye,","dye,",ITEM,10,FALSE,20,0,10000,TRUE,20,1000000,0,0,,211,1
red_mushroom,default,Red Mushroom,"red_mushroom,redmushroom,","organic,",ITEM,1,FALSE,2,0,10000,TRUE,2,1000000,0,0,,212,1
red_nether_bricks,default,Red Nether Bricks,"red_nether_bricks,rednetherbricks,","other,",ITEM,5,FALSE,10,0,10000,TRUE,10,1000000,0,0,,213,1
red_sand,default,Red Sand,"red_sand,redsand,","blocks,",ITEM,15,FALSE,30,0,10000,TRUE,30,1000000,0,0,,214,1
red_sandstone,default,Red Sandstone,"red_sandstone,redsandstone,","blocks,",ITEM,60,FALSE,120,0,10000,TRUE,120,1000000,0,0,,215,1
red_terracotta,default,Red Terracotta,"red_terracotta,redterracotta,","terracotta,",ITEM,29,FALSE,58,0,5000,TRUE,58,1000000,0,0,,216,1
red_tulip,default,Red Tulip,"red_tulip,redtulip,","organic,flowers,",ITEM,30,FALSE,60,0,10000,TRUE,60,1000000,0,0,,217,1
rose_bush,default,Rose Bush,"rose_bush,rosebush,","organic,flowers,",ITEM,40,FALSE,80,0,10000,TRUE,80,1000000,0,0,,218,1
rotten_flesh,default,Rotten Flesh,"rotten_flesh,rottenflesh,","food,",ITEM,1,FALSE,2,0,10000,TRUE,2,1000000,0,0,,219,1
saddle,default,Saddle,"saddle,saddle,","horses,",ITEM,2000,FALSE,4000,0,100,TRUE,4000,1000000,0,0,,220,1
sand,default,Sand,"sand,sand,","blocks,",ITEM,5,FALSE,10,0,10000,TRUE,10,1000000,0,0,,221,1
sandstone,default,Sandstone,"sandstone,sandstone,","blocks,",ITEM,20,FALSE,40,0,10000,TRUE,40,1000000,0,0,,222,1
scaffolding,default,Scaffolding,"scaffolding,scaffolding,","blocks,",ITEM,15,FALSE,30,0,10000,TRUE,30,1000000,0,0,,223,1
scute,default,Scute,"scute,scute,","organic,",ITEM,20,FALSE,40,0,10000,TRUE,40,1000000,0,0,,224,1
sea_lantern,default,Sea Lantern,"sea_lantern,sealantern,","underwater,",ITEM,4600,FALSE,9200,0,1000,TRUE,9200,1000000,0,0,,225,1
shulker_box,default,Shulker Box,"shulker_box,shulkerbox,",,ITEM,2000,FALSE,4000,0,2500,TRUE,4000,1000000,0,0,,226,1
slime_ball,default,Slime Ball,"slime_ball,slimeball,","brewing,organic,",ITEM,50,FALSE,100,0,10000,TRUE,100,1000000,0,0,,227,1
smooth_stone,default,Smooth Stone,"smooth_stone,smoothstone,","blocks,",ITEM,6,FALSE,12,0,10000,TRUE,12,1000000,0,0,,228,1
snowball,default,Snowball,"snowball,snowball,","other,",ITEM,2.5,FALSE,5,0,10000,TRUE,5,1000000,0,0,,229,1
soul_sand,default,Soul Sand,"soul_sand,soulsand,","blocks,",ITEM,20,FALSE,40,0,3000,TRUE,40,1000000,0,0,,230,1
spider_eye,default,Spider Eye,"spider_eye,spidereye,","brewing,",ITEM,15,FALSE,30,0,10000,TRUE,30,1000000,0,0,,231,1
sponge,default,Sponge,"sponge,sponge,","rare,underwater,",ITEM,30003,FALSE,60006,0,100,TRUE,60006,1000000,0,0,,232,1
spruce_leaves,default,Spruce Leaves,"spruce_leaves,spruceleaves,","organic,",ITEM,1,FALSE,2,0,10000,TRUE,2,1000000,0,0,,233,1
spruce_log,default,Spruce Log,"spruce_log,sprucelog,","wood,logs,",ITEM,4,FALSE,8,0,10000,TRUE,8,1000000,0,0,,234,1
spruce_planks,default,Spruce Planks,"spruce_planks,spruceplanks,","wood,",ITEM,1,FALSE,2,0,10000,TRUE,2,1000000,0,0,,235,1
spruce_sapling,default,Spruce Sapling,"spruce_sapling,sprucesapling,","organic,",ITEM,5,FALSE,10,0,1000,TRUE,10,1000000,0,0,,236,1
stone,default,Stone,"stone,stone,","blocks,",ITEM,3,FALSE,6,0,10000,TRUE,6,1000000,0,0,,237,1
stone_bricks,default,Stone Bricks,"stone_bricks,stonebricks,","blocks,",ITEM,3,FALSE,6,0,10000,TRUE,6,1000000,0,0,,238,1
string,default,String,"string,string,","organic,",ITEM,1,FALSE,2,0,10000,TRUE,2,1000000,0,0,,239,1
sugar,default,Sugar,"sugar,sugar,","brewing,",ITEM,5,FALSE,10,0,10000,TRUE,10,1000000,0,0,,240,1
sugar_cane,default,Sugar Cane,"sugar_cane,sugarcane,","organic,",ITEM,5,FALSE,10,0,10000,TRUE,10,1000000,0,0,,241,1
sunflower,default,Sunflower,"sunflower,sunflower,","organic,flowers,",ITEM,50,FALSE,100,0,5000,TRUE,100,1000000,0,0,,242,1
sweet_berries,default,Sweet Berries,"sweet_berries,sweetberries,","organic,food,",ITEM,10,FALSE,20,0,10000,TRUE,20,1000000,0,0,,243,1
terracotta,default,Terracotta,"terracotta,terracotta,","terracotta,",ITEM,24,FALSE,48,0,5000,TRUE,48,1000000,0,0,,244,1
tnt,default,Tnt,"tnt,tnt,","redstone,",ITEM,170,FALSE,340,0,10000,TRUE,340,1000000,0,0,,245,1
torch,default,Torch,"torch,torch,","tools,",ITEM,1.79,FALSE,3.25,0,10000,TRUE,3.25,1000000,0,0,,246,1
totem_of_undying,default,Totem Of Undying,"totem_of_undying,totemofundying,","rare,",ITEM,100000,FALSE,200000,0,50,TRUE,200000,1000000,0,0,,247,1
trident,default,Trident,"trident,trident,","rare,",ITEM,100000,FALSE,200000,0,50,TRUE,200000,1000000,0,0,,248,1
tropical_fish,default,Tropical Fish,"tropical_fish,tropicalfish,","fish,food,",ITEM,25,FALSE,50,0,3000,TRUE,50,1000000,0,0,,249,1
water_bucket,default,Water Bucket,"water_bucket,waterbucket,","tools,",ITEM,120,FALSE,240,0,1000,TRUE,240,1000000,0,0,,250,1
wheat,default,Wheat,"wheat,wheat,","organic,",ITEM,5,FALSE,10,0,10000,TRUE,10,1000000,0,0,,251,1
wheat_seeds,default,Wheat Seeds,"wheat_seeds,wheatseeds,","organic,",ITEM,2,FALSE,4,0,10000,TRUE,4,1000000,0,0,,252,1
purple_dye,default,Purple Dye,"purple_dye,purpledye,","dye,",ITEM,4.62,FALSE,9.25,0,10000,TRUE,9.25,1000000,0,0,,253,1
red_dye,default,Red Dye,"red_dye,reddye,","dye,",ITEM,3.37,FALSE,6.75,0,10000,TRUE,6.75,1000000,0,0,,254,1
white_terracotta,default,White Terracotta,"white_terracotta,whiteterracotta,","terracotta,",ITEM,24.41,FALSE,48.83,0,5000,TRUE,48.83,1000000,0,0,,255,1
white_tulip,default,White Tulip,"white_tulip,whitetulip,","organic,flowers,",ITEM,30,FALSE,60,0,10000,TRUE,60,1000000,0,0,,256,1
white_wool,default,White Wool,"white_wool,whitewool,","wools,",ITEM,4,FALSE,8,0,10000,TRUE,8,1000000,0,0,,257,1
wither_rose,default,Wither Rose,"wither_rose,witherrose,","organic,flowers,",ITEM,40,FALSE,80,0,10000,TRUE,80,1000000,0,0,,258,1
writable_book,default,Writable Book,"writable_book,writablebook,","other,",ITEM,43,FALSE,86,0,1000,TRUE,86,1000000,0,0,,259,1
white_dye,default,White Dye,"white_dye,whitedye,","dye,",ITEM,3.16,FALSE,6.33,0,10000,TRUE,6.33,1000000,0,0,,260,1
yellow_dye,default,Yellow Dye,"yellow_dye,yellowdye,","dye,",ITEM,3.37,FALSE,6.75,0,10000,TRUE,6.75,1000000,0,0,,261,1
yellow_terracotta,default,Yellow Terracotta,"yellow_terracotta,yellowterracotta,","terracotta,",ITEM,24.62,FALSE,49.25,0,5000,TRUE,49.25,1000000,0,0,,262,1
apple,default,Apple,"apple,apple,","food,organic,",ITEM,200,FALSE,300,0,2000,TRUE,300,1000000,0,0,,263,1
experience,default,Experience,"exp,xp,experience,","experience,",EXPERIENCE,3,FALSE,6,0,100000,TRUE,6,1000000,0,0,,264,1
power_1,default,Power 1,"power1,power_1,","enchantments,",ENCHANTMENT,50,FALSE,100,0,100,TRUE,100,1000000,0,0,,265,1.2
power_2,default,Power 2,"power2,power_2,","enchantments,",ENCHANTMENT,400,FALSE,800,0,75,TRUE,800,1000000,0,0,,266,1.2
power_3,default,Power 3,"power3,power_3,","enchantments,",ENCHANTMENT,800,FALSE,1600,0,50,TRUE,1600,1000000,0,0,,267,1.2
power_4,default,Power 4,"power4,power_4,","enchantments,",ENCHANTMENT,1600,FALSE,3200,0,50,TRUE,3200,1000000,0,0,,268,1.2
power_5,default,Power 5,"power5,power_5,","enchantments,",ENCHANTMENT,2800,FALSE,5600,0,50,TRUE,5600,1000000,0,0,,269,1.2
flame,default,Flame 1,"flame1,flame_1,","enchantments,",ENCHANTMENT,800,FALSE,1600,0,50,TRUE,1600,1000000,0,0,,270,1.2
infinity,default,Infinity 1,"infinity1,infinity_1,","enchantments,",ENCHANTMENT,1000,FALSE,2000,0,50,TRUE,2000,1000000,0,0,,271,1.2
punch_1,default,Punch 1,"punch1,punch_1,","enchantments,",ENCHANTMENT,400,FALSE,800,0,75,TRUE,800,1000000,0,0,,272,1.2
punch_2,default,Punch 2,"punch2,punch_2,","enchantments,",ENCHANTMENT,1600,FALSE,3200,0,50,TRUE,3200,1000000,0,0,,273,1.2
sharpness_1,default,Sharpness 1,"sharpness1,sharpness_1,","enchantments,",ENCHANTMENT,25,FALSE,50,0,100,TRUE,50,1000000,0,0,,274,1.2
sharpness_2,default,Sharpness 2,"sharpness2,sharpness_2,","enchantments,",ENCHANTMENT,100,FALSE,200,0,75,TRUE,200,1000000,0,0,,275,1.2
sharpness_3,default,Sharpness 3,"sharpness3,sharpness_3,","enchantments,",ENCHANTMENT,1000,FALSE,2000,0,50,TRUE,2000,1000000,0,0,,276,1.2
sharpness_4,default,Sharpness 4,"sharpness4,sharpness_4,","enchantments,",ENCHANTMENT,2000,FALSE,4000,0,50,TRUE,4000,1000000,0,0,,277,1.2
sharpness_5,default,Sharpness 5,"sharpness5,sharpness_5,","enchantments,",ENCHANTMENT,5000,FALSE,10000,0,50,TRUE,10000,1000000,0,0,,278,1.2
bane_of_arthropods_1,default,Bane Of Arthropods 1,"baneofarthropods1,bane_of_arthropods_1,","enchantments,",ENCHANTMENT,25,FALSE,50,0,100,TRUE,50,1000000,0,0,,279,1.2
bane_of_arthropods_2,default,Bane Of Arthropods 2,"baneofarthropods2,bane_of_arthropods_2,","enchantments,",ENCHANTMENT,100,FALSE,200,0,75,TRUE,200,1000000,0,0,,280,1.2
bane_of_arthropods_3,default,Bane Of Arthropods 3,"baneofarthropods3,bane_of_arthropods_3,","enchantments,",ENCHANTMENT,500,FALSE,1000,0,50,TRUE,1000,1000000,0,0,,281,1.2
bane_of_arthropods_4,default,Bane Of Arthropods 4,"baneofarthropods4,bane_of_arthropods_4,","enchantments,",ENCHANTMENT,1000,FALSE,2000,0,50,TRUE,2000,1000000,0,0,,282,1.2
bane_of_arthropods_5,default,Bane Of Arthropods 5,"baneofarthropods5,bane_of_arthropods_5,","enchantments,",ENCHANTMENT,2000,FALSE,4000,0,50,TRUE,4000,1000000,0,0,,283,1.2
smite_1,default,Smite 1,"smite1,smite_1,","enchantments,",ENCHANTMENT,25,FALSE,50,0,100,TRUE,50,1000000,0,0,,284,1.2
smite_2,default,Smite 2,"smite2,smite_2,","enchantments,",ENCHANTMENT,100,FALSE,200,0,75,TRUE,200,1000000,0,0,,285,1.2
smite_3,default,Smite 3,"smite3,smite_3,","enchantments,",ENCHANTMENT,800,FALSE,1600,0,50,TRUE,1600,1000000,0,0,,286,1.2
smite_4,default,Smite 4,"smite4,smite_4,","enchantments,",ENCHANTMENT,1600,FALSE,3200,0,50,TRUE,3200,1000000,0,0,,287,1.2
smite_5,default,Smite 5,"smite5,smite_5,","enchantments,",ENCHANTMENT,2800,FALSE,5600,0,50,TRUE,5600,1000000,0,0,,288,1.2
depth_strider_1,default,Depth Strider 1,"depthstrider1,depth_strider_1,","enchantments,",ENCHANTMENT,100,FALSE,200,0,100,TRUE,200,1000000,0,0,,289,1.2
depth_strider_2,default,Depth Strider 2,"depthstrider2,depth_strider_2,","enchantments,",ENCHANTMENT,300,FALSE,600,0,75,TRUE,600,1000000,0,0,,290,1.2
depth_strider_3,default,Depth Strider 3,"depthstrider3,depth_strider_3,","enchantments,",ENCHANTMENT,800,FALSE,1600,0,50,TRUE,1600,1000000,0,0,,291,1.2
efficiency_1,default,Efficiency 1,"efficiency1,efficiency_1,","enchantments,",ENCHANTMENT,25,FALSE,50,0,100,TRUE,50,1000000,0,0,,292,1.2
efficiency_2,default,Efficiency 2,"efficiency2,efficiency_2,","enchantments,",ENCHANTMENT,100,FALSE,200,0,75,TRUE,200,1000000,0,0,,293,1.2
efficiency_3,default,Efficiency 3,"efficiency3,efficiency_3,","enchantments,",ENCHANTMENT,1000,FALSE,2000,0,50,TRUE,2000,1000000,0,0,,294,1.2
efficiency_4,default,Efficiency 4,"efficiency4,efficiency_4,","enchantments,",ENCHANTMENT,1500,FALSE,3000,0,50,TRUE,3000,1000000,0,0,,295,1.2
efficiency_5,default,Efficiency 5,"efficiency5,efficiency_5,","enchantments,",ENCHANTMENT,3500,FALSE,7000,0,50,TRUE,7000,1000000,0,0,,296,1.2
unbreaking_1,default,Unbreaking 1,"unbreaking1,unbreaking_1,","enchantments,",ENCHANTMENT,100,FALSE,200,0,100,TRUE,200,1000000,0,0,,297,1.2
unbreaking_2,default,Unbreaking 2,"unbreaking2,unbreaking_2,","enchantments,",ENCHANTMENT,1000,FALSE,2000,0,50,TRUE,2000,1000000,0,0,,298,1.2
unbreaking_3,default,Unbreaking 3,"unbreaking3,unbreaking_3,","enchantments,",ENCHANTMENT,3500,FALSE,7000,0,50,TRUE,7000,1000000,0,0,,299,1.2
fire_aspect_1,default,Fire Aspect 1,"fireaspect1,fire_aspect_1,","enchantments,",ENCHANTMENT,500,FALSE,1000,0,75,TRUE,1000,1000000,0,0,,300,1.2
fire_aspect_2,default,Fire Aspect 2,"fireaspect2,fire_aspect_2,","enchantments,",ENCHANTMENT,2000,FALSE,4000,0,50,TRUE,4000,1000000,0,0,,301,1.2
frost_walker_1,default,Frost Walker 1,"frostwalker1,frost_walker_1,","enchantments,",ENCHANTMENT,5000,FALSE,10000,0,100,TRUE,10000,1000000000,0,0,,302,1.2
frost_walker_2,default,Frost Walker 2,"frostwalker2,frost_walker_2,","enchantments,",ENCHANTMENT,10000,FALSE,20000,0,50,TRUE,20000,1000000000,0,0,,303,1.2
knockback_1,default,Knockback 1,"knockback1,knockback_1,","enchantments,",ENCHANTMENT,200,FALSE,400,0,75,TRUE,400,1000000,0,0,,304,1.2
knockback_2,default,Knockback 2,"knockback2,knockback_2,","enchantments,",ENCHANTMENT,1500,FALSE,3000,0,50,TRUE,3000,1000000,0,0,,305,1.2
fortune_1,default,Fortune 1,"fortune1,fortune_1,","enchantments,",ENCHANTMENT,600,FALSE,1200,0,75,TRUE,1200,1000000,0,0,,306,1.2
fortune_2,default,Fortune 2,"fortune2,fortune_2,","enchantments,",ENCHANTMENT,1600,FALSE,3200,0,50,TRUE,3200,1000000,0,0,,307,1.2
fortune_3,default,Fortune 3,"fortune3,fortune_3,","enchantments,",ENCHANTMENT,4000,FALSE,8000,0,50,TRUE,8000,1000000,0,0,,308,1.2
looting_1,default,Looting 1,"looting1,looting_1,","enchantments,",ENCHANTMENT,600,FALSE,1200,0,75,TRUE,1200,1000000,0,0,,309,1.2
looting_2,default,Looting 2,"looting2,looting_2,","enchantments,",ENCHANTMENT,1800,FALSE,3600,0,50,TRUE,3600,1000000,0,0,,310,1.2
looting_3,default,Looting 3,"looting3,looting_3,","enchantments,",ENCHANTMENT,4000,FALSE,8000,0,50,TRUE,8000,1000000,0,0,,311,1.2
luck_of_the_sea_1,default,Luck Of The Sea 1,"luck1,luckofthesea1,luck_of_the_sea_1,","enchantments,",ENCHANTMENT,25,FALSE,50,0,100,TRUE,50,1000000,0,0,,312,1.2
luck_of_the_sea_2,default,Luck Of The Sea 2,"luck2,luckofthesea2,luck_of_the_sea_2,","enchantments,",ENCHANTMENT,100,FALSE,200,0,100,TRUE,200,1000000,0,0,,313,1.2
luck_of_the_sea_3,default,Luck Of The Sea 3,"luck3,luckofthesea3,luck_of_the_sea_3,","enchantments,",ENCHANTMENT,500,FALSE,1000,0,50,TRUE,1000,1000000,0,0,,314,1.2
lure_1,default,Lure 1,"lure1,lure_1,","enchantments,",ENCHANTMENT,25,FALSE,50,0,100,TRUE,50,1000000,0,0,,315,1.2
lure_2,default,Lure 2,"lure2,lure_2,","enchantments,",ENCHANTMENT,100,FALSE,200,0,100,TRUE,200,1000000,0,0,,316,1.2
lure_3,default,Lure 3,"lure3,lure_3,","enchantments,",ENCHANTMENT,500,FALSE,1000,0,50,TRUE,1000,1000000,0,0,,317,1.2
mending_1,default,Mending,"mending,","enchantments,",ENCHANTMENT,20000,FALSE,40000,0,50,TRUE,40000,1000000000,0,0,,318,1.2
respiration_1,default,Respiration 1,"respiration1,respiration_1,","enchantments,",ENCHANTMENT,100,FALSE,200,0,100,TRUE,200,1000000,0,0,,319,1.2
respiration_2,default,Respiration 2,"respiration2,respiration_2,","enchantments,",ENCHANTMENT,400,FALSE,800,0,50,TRUE,800,1000000,0,0,,320,1.2
respiration_3,default,Respiration 3,"respiration3,respiration_3,","enchantments,",ENCHANTMENT,1600,FALSE,3200,0,50,TRUE,3200,1000000,0,0,,321,1.2
protection_1,default,Protection 1,"protection1,protection_1,","enchantments,",ENCHANTMENT,25,FALSE,50,0,100,TRUE,50,1000000,0,0,,322,1.2
protection_2,default,Protection 2,"protection2,protection_2,","enchantments,",ENCHANTMENT,100,FALSE,200,0,75,TRUE,200,1000000,0,0,,323,1.2
protection_3,default,Protection 3,"protection3,protection_3,","enchantments,",ENCHANTMENT,1800,FALSE,3600,0,50,TRUE,3600,1000000,0,0,,324,1.2
protection_4,default,Protection 4,"protection4,protection_4,","enchantments,",ENCHANTMENT,5000,FALSE,10000,0,50,TRUE,10000,1000000,0,0,,325,1.2
blast_protection_1,default,Blast Protection 1,"blastprotection1,blast_protection_1,","enchantments,",ENCHANTMENT,50,FALSE,100,0,100,TRUE,100,1000000,0,0,,326,1.2
blast_protection_2,default,Blast Protection 2,"blastprotection2,blast_protection_2,","enchantments,",ENCHANTMENT,200,FALSE,400,0,75,TRUE,400,1000000,0,0,,327,1.2
blast_protection_3,default,Blast Protection 3,"blastprotection3,blast_protection_3,","enchantments,",ENCHANTMENT,1000,FALSE,2000,0,50,TRUE,2000,1000000,0,0,,328,1.2
blast_protection_4,default,Blast Protection 4,"blastprotection4,blast_protection_4,","enchantments,",ENCHANTMENT,2500,FALSE,5000,0,50,TRUE,5000,1000000,0,0,,329,1.2
feather_falling_1,default,Feather Falling 1,"featherfalling1,feather_falling_1,","enchantments,",ENCHANTMENT,100,FALSE,200,0,100,TRUE,200,1000000,0,0,,330,1.2
feather_falling_2,default,Feather Falling 2,"featherfalling2,feather_falling_2,","enchantments,",ENCHANTMENT,300,FALSE,600,0,75,TRUE,600,1000000,0,0,,331,1.2
feather_falling_3,default,Feather Falling 3,"featherfalling3,feather_falling_3,","enchantments,",ENCHANTMENT,800,FALSE,1600,0,50,TRUE,1600,1000000,0,0,,332,1.2
feather_falling_4,default,Feather Falling 4,"featherfalling4,feather_falling_4,","enchantments,",ENCHANTMENT,2000,FALSE,4000,0,50,TRUE,4000,1000000,0,0,,333,1.2
fire_protection_1,default,Fire Protection 1,"fireprotection1,fire_protection_1,","enchantments,",ENCHANTMENT,100,FALSE,200,0,100,TRUE,200,1000000,0,0,,334,1.2
fire_protection_2,default,Fire Protection 2,"fireprotection2,fire_protection_2,","enchantments,",ENCHANTMENT,500,FALSE,1000,0,75,TRUE,1000,1000000,0,0,,335,1.2
fire_protection_3,default,Fire Protection 3,"fireprotection3,fire_protection_3,","enchantments,",ENCHANTMENT,1200,FALSE,2400,0,50,TRUE,2400,1000000,0,0,,336,1.2
fire_protection_4,default,Fire Protection 4,"fireprotection4,fire_protection_4,","enchantments,",ENCHANTMENT,2800,FALSE,5600,0,50,TRUE,5600,1000000,0,0,,337,1.2
projectile_protection_1,default,Projectile Protection 1,"projectileprotection1,projectile_protection_1,","enchantments,",ENCHANTMENT,50,FALSE,100,0,50,TRUE,100,1000000,0,0,,338,1.2
projectile_protection_2,default,Projectile Protection 2,"projectileprotection2,projectile_protection_2,","enchantments,",ENCHANTMENT,200,FALSE,400,0,75,TRUE,400,1000000,0,0,,339,1.2
projectile_protection_3,default,Projectile Protection 3,"projectileprotection3,projectile_protection_3,","enchantments,",ENCHANTMENT,1000,FALSE,2000,0,50,TRUE,2000,1000000,0,0,,340,1.2
projectile_protection_4,default,Projectile Protection 4,"projectileprotection4,projectile_protection_4,","enchantments,",ENCHANTMENT,2500,FALSE,5000,0,50,TRUE,5000,1000000,0,0,,341,1.2
silk_touch,default,Silktouch 1,"silktouch1,silktouch_1,","enchantments,",ENCHANTMENT,3200,FALSE,6400,0,50,TRUE,6400,1000000,0,0,,342,1.2
thorns_1,default,Thorns 1,"thorns1,thorns_1,","enchantments,",ENCHANTMENT,25,FALSE,50,0,75,TRUE,50,1000000,0,0,,343,1.2
thorns_2,default,Thorns 2,"thorns2,thorns_2,","enchantments,",ENCHANTMENT,100,FALSE,200,0,50,TRUE,200,1000000,0,0,,344,1.2
thorns_3,default,Thorns 3,"thorns3,thorns_3,","enchantments,",ENCHANTMENT,500,FALSE,1000,0,50,TRUE,1000,1000000,0,0,,345,1.2
aqua_affinity,default,Aqua Affinity 1,"aquaaffinity1,aqua_affinity_1,","enchantments,",ENCHANTMENT,400,FALSE,800,0,50,TRUE,800,1000000,0,0,,346,1.2
channeling,default,Channeling 1,"channeling1,channeling_1","enchantments,",ENCHANTMENT,400,FALSE,800,0,50,TRUE,800,1000000,0,0,,347,1.2
impaling_1,default,Impaling 1,"impaling_1,impailing1","enchantments,",ENCHANTMENT,25,FALSE,50,0,100,TRUE,50,1000000,0,0,,348,1.2
impaling_2,default,Impaling 2,"impaling_2,impailing2","enchantments,",ENCHANTMENT,100,FALSE,200,0,75,TRUE,200,1000000,0,0,,349,1.2
impaling_3,default,Impaling 3,"impaling_3,impailing3","enchantments,",ENCHANTMENT,1000,FALSE,2000,0,50,TRUE,2000,1000000,0,0,,350,1.2
impaling_4,default,Impaling 4,"impaling_4,impailing4","enchantments,",ENCHANTMENT,2000,FALSE,4000,0,50,TRUE,4000,1000000,0,0,,351,1.2
impaling_5,default,Impaling 5,"impaling_5,impailing5","enchantments,",ENCHANTMENT,5000,FALSE,10000,0,50,TRUE,10000,1000000,0,0,,352,1.2
loyalty_1,default,Loyalty 1,"loyalty1,loyalty_1","enchantments,",ENCHANTMENT,600,FALSE,1200,0,75,TRUE,1200,1000000,0,0,,353,1.2
loyalty_2,default,Loyalty 2,"loyalty2,loyalty_2","enchantments,",ENCHANTMENT,1600,FALSE,3200,0,50,TRUE,3200,1000000,0,0,,354,1.2
loyalty_3,default,Loyalty 3,"loyalty3,loyalty_3","enchantments,",ENCHANTMENT,4000,FALSE,8000,0,50,TRUE,8000,1000000,0,0,,355,1.2
multishot,default,Multishot 1,"multishot1,multishot_1,","enchantments,",ENCHANTMENT,1000,FALSE,2000,0,50,TRUE,2000,1000000,0,0,,356,1.2
piercing_1,default,Piercing 1,"piercing1,piercing_1,","enchantments,",ENCHANTMENT,100,FALSE,200,0,100,TRUE,200,1000000,0,0,,357,1.2
piercing_2,default,Piercing 2,"piercing2,piercing_2,","enchantments,",ENCHANTMENT,500,FALSE,1000,0,75,TRUE,1000,1000000,0,0,,358,1.2
piercing_3,default,Piercing 3,"piercing3,piercing_3,","enchantments,",ENCHANTMENT,1200,FALSE,2400,0,50,TRUE,2400,1000000,0,0,,359,1.2
piercing_4,default,Piercing 4,"piercing4,piercing_4,","enchantments,",ENCHANTMENT,5000,FALSE,10000,0,50,TRUE,10000,1000000,0,0,,360,1.2
quick_charge_1,default,Quick Charge 1,"quickcharge1,quickcharge_1,","enchantments,",ENCHANTMENT,100,FALSE,200,0,100,TRUE,200,1000000,0,0,,361,1.2
quick_charge_2,default,Quick Charge 2,"quickcharge2,quickcharge_2,","enchantments,",ENCHANTMENT,500,FALSE,1000,0,75,TRUE,1000,1000000,0,0,,362,1.2
quick_charge_3,default,Quick Charge 3,"quickcharge3,quickcharge_3,","enchantments,",ENCHANTMENT,1200,FALSE,2400,0,50,TRUE,2400,1000000,0,0,,363,1.2
riptide_1,default,Riptide 1,"riptide1,riptide_1,","enchantments,",ENCHANTMENT,100,FALSE,200,0,100,TRUE,200,1000000,0,0,,364,1.2
riptide_2,default,Riptide 2,"riptide2,riptide_2,","enchantments,",ENCHANTMENT,500,FALSE,1000,0,75,TRUE,1000,1000000,0,0,,365,1.2
riptide_3,default,Riptide 3,"riptide3,riptide_3,","enchantments,",ENCHANTMENT,1200,FALSE,2400,0,50,TRUE,2400,1000000,0,0,,366,1.2
sweeping_edge_1,default,Sweeping Edge 1,"sweepingedge1,sweeping_edge_1,","enchantments,",ENCHANTMENT,100,FALSE,200,0,100,TRUE,200,1000000,0,0,,367,1.2
sweeping_edge_2,default,Sweeping Edge 2,"sweepingedge2,sweeping_edge_2,","enchantments,",ENCHANTMENT,500,FALSE,1000,0,75,TRUE,1000,1000000,0,0,,368,1.2
sweeping_edge_3,default,Sweeping Edge 3,"sweepingedge3,sweeping_edge_3,","enchantments,",ENCHANTMENT,1200,FALSE,2400,0,50,TRUE,2400,1000000,0,0,,369,1.2