ID,DATA
1,"maxDurability,0;amount,1;maxStackSize,64;material,ACACIA_LEAVES;data,0;itemMetaData,lore[0]{0}displayName[0]{0}itemFlags[0]{0}unbreakable[0]false{0}enchantments[0]{0}repairCost[0]0{0};durability,0;metaType,ITEM;isBlank,false;"
2,"maxDurability,0;amount,1;maxStackSize,64;material,ACACIA_LOG;data,0;itemMetaData,lore[0]{0}displayName[0]{0}itemFlags[0]{0}unbreakable[0]false{0}enchantments[0]{0}repairCost[0]0{0};durability,0;metaType,ITEM;isBlank,false;"
3,"maxDurability,0;amount,1;maxStackSize,64;material,ACACIA_PLANKS;data,0;itemMetaData,lore[0]{0}displayName[0]{0}itemFlags[0]{0}unbreakable[0]false{0}enchantments[0]{0}repairCost[0]0{0};durability,0;metaType,ITEM;isBlank,false;"
4,"maxDurability,0;amount,1;maxStackSize,64;material,ACACIA_SAPLING;data,0;itemMetaData,lore[0]{0}displayName[0]{0}itemFlags[0]{0}unbreakable[0]false{0}enchantments[0]{0}repairCost[0]0{0};durability,0;metaType,ITEM;isBlank,false;"
5,"maxDurability,0;amount,1;maxStackSize,64;material,ACTIVATOR_RAIL;data,0;itemMetaData,lore[0]{0}displayName[0]{0}itemFlags[0]{0}unbreakable[0]false{0}enchantments[0]{0}repairCost[0]0{0};durability,0;metaType,ITEM;isBlank,false;"
6,"maxDurability,0;amount,1;maxStackSize,64;material,ALLIUM;data,0;itemMetaData,lore[0]{0}displayName[0]{0}itemFlags[0]{0}unbreakable[0]false{0}enchantments[0]{0}repairCost[0]0{0};durability,0;metaType,ITEM;isBlank,false;"
7,"maxDurability,0;amount,1;maxStackSize,64;material,ANDESITE;data,0;itemMetaData,lore[0]{0}displayName[0]{0}itemFlags[0]{0}unbreakable[0]false{0}enchantments[0]{0}repairCost[0]0{0};durability,0;metaType,ITEM;isBlank,false;"
8,"maxDurability,0;amount,1;maxStackSize,16;material,ARMOR_STAND;data,0;itemMetaData,lore[0]{0}displayName[0]{0}itemFlags[0]{0}unbreakable[0]false{0}enchantments[0]{0}repairCost[0]0{0};durability,0;metaType,ITEM;isBlank,false;"
9,"maxDurability,0;amount,1;maxStackSize,64;material,ARROW;data,0;itemMetaData,lore[0]{0}displayName[0]{0}itemFlags[0]{0}unbreakable[0]false{0}enchantments[0]{0}repairCost[0]0{0};durability,0;metaType,ITEM;isBlank,false;"
10,"maxDurability,0;amount,1;maxStackSize,64;material,AZURE_BLUET;data,0;itemMetaData,lore[0]{0}displayName[0]{0}itemFlags[0]{0}unbreakable[0]false{0}enchantments[0]{0}repairCost[0]0{0};durability,0;metaType,ITEM;isBlank,false;"
11,"maxDurability,0;amount,1;maxStackSize,64;material,BAMBOO;data,0;itemMetaData,lore[0]{0}displayName[0]{0}itemFlags[0]{0}unbreakable[0]false{0}enchantments[0]{0}repairCost[0]0{0};durability,0;metaType,ITEM;isBlank,false;"
12,"maxDurability,0;amount,1;maxStackSize,64;material,BAMBOO_SAPLING;data,0;itemMetaData,lore[0]{0}displayName[0]{0}itemFlags[0]{0}unbreakable[0]false{0}enchantments[0]{0}repairCost[0]0{0};durability,0;metaType,ITEM;isBlank,false;"
13,"maxDurability,0;amount,1;maxStackSize,64;material,BEETROOT;data,0;itemMetaData,lore[0]{0}displayName[0]{0}itemFlags[0]{0}unbreakable[0]false{0}enchantments[0]{0}repairCost[0]0{0};durability,0;metaType,ITEM;isBlank,false;"
14,"maxDurability,0;amount,1;maxStackSize,64;material,BEETROOTS;data,0;itemMetaData,lore[0]{0}displayName[0]{0}itemFlags[0]{0}unbreakable[0]false{0}enchantments[0]{0}repairCost[0]0{0};durability,0;metaType,ITEM;isBlank,false;"
15,"maxDurability,0;amount,1;maxStackSize,64;material,BEETROOT_SEEDS;data,0;itemMetaData,lore[0]{0}displayName[0]{0}itemFlags[0]{0}unbreakable[0]false{0}enchantments[0]{0}repairCost[0]0{0};durability,0;metaType,ITEM;isBlank,false;"
16,"maxDurability,0;amount,1;maxStackSize,1;material,BEETROOT_SOUP;data,0;itemMetaData,lore[0]{0}displayName[0]{0}itemFlags[0]{0}unbreakable[0]false{0}enchantments[0]{0}repairCost[0]0{0};durability,0;metaType,ITEM;isBlank,false;"
17,"maxDurability,0;amount,1;maxStackSize,64;material,BIRCH_LEAVES;data,0;itemMetaData,lore[0]{0}displayName[0]{0}itemFlags[0]{0}unbreakable[0]false{0}enchantments[0]{0}repairCost[0]0{0};durability,0;metaType,ITEM;isBlank,false;"
18,"maxDurability,0;amount,1;maxStackSize,64;material,BIRCH_LOG;data,0;itemMetaData,lore[0]{0}displayName[0]{0}itemFlags[0]{0}unbreakable[0]false{0}enchantments[0]{0}repairCost[0]0{0};durability,0;metaType,ITEM;isBlank,false;"
19,"maxDurability,0;amount,1;maxStackSize,64;material,BIRCH_PLANKS;data,0;itemMetaData,lore[0]{0}displayName[0]{0}itemFlags[0]{0}unbreakable[0]false{0}enchantments[0]{0}repairCost[0]0{0};durability,0;metaType,ITEM;isBlank,false;"
20,"maxDurability,0;amount,1;maxStackSize,64;material,BIRCH_SAPLING;data,0;itemMetaData,lore[0]{0}displayName[0]{0}itemFlags[0]{0}unbreakable[0]false{0}enchantments[0]{0}repairCost[0]0{0};durability,0;metaType,ITEM;isBlank,false;"
21,"maxDurability,0;amount,1;maxStackSize,64;material,BLACK_CONCRETE;data,0;itemMetaData,lore[0]{0}displayName[0]{0}itemFlags[0]{0}unbreakable[0]false{0}enchantments[0]{0}repairCost[0]0{0};durability,0;metaType,ITEM;isBlank,false;"
22,"maxDurability,0;amount,1;maxStackSize,64;material,BLUE_CONCRETE;data,0;itemMetaData,lore[0]{0}displayName[0]{0}itemFlags[0]{0}unbreakable[0]false{0}enchantments[0]{0}repairCost[0]0{0};durability,0;metaType,ITEM;isBlank,false;"
23,"maxDurability,0;amount,1;maxStackSize,64;material,BLACK_TERRACOTTA;data,0;itemMetaData,lore[0]{0}displayName[0]{0}itemFlags[0]{0}unbreakable[0]false{0}enchantments[0]{0}repairCost[0]0{0};durability,0;metaType,ITEM;isBlank,false;"
24,"maxDurability,0;amount,1;maxStackSize,64;material,BLAZE_ROD;data,0;itemMetaData,lore[0]{0}displayName[0]{0}itemFlags[0]{0}unbreakable[0]false{0}enchantments[0]{0}repairCost[0]0{0};durability,0;metaType,ITEM;isBlank,false;"
25,"maxDurability,0;amount,1;maxStackSize,64;material,BROWN_CONCRETE;data,0;itemMetaData,lore[0]{0}displayName[0]{0}itemFlags[0]{0}unbreakable[0]false{0}enchantments[0]{0}repairCost[0]0{0};durability,0;metaType,ITEM;isBlank,false;"
26,"maxDurability,0;amount,1;maxStackSize,64;material,CYAN_CONCRETE;data,0;itemMetaData,lore[0]{0}displayName[0]{0}itemFlags[0]{0}unbreakable[0]false{0}enchantments[0]{0}repairCost[0]0{0};durability,0;metaType,ITEM;isBlank,false;"
27,"maxDurability,0;amount,1;maxStackSize,64;material,BLUE_ICE;data,0;itemMetaData,lore[0]{0}displayName[0]{0}itemFlags[0]{0}unbreakable[0]false{0}enchantments[0]{0}repairCost[0]0{0};durability,0;metaType,ITEM;isBlank,false;"
28,"maxDurability,0;amount,1;maxStackSize,64;material,BLUE_ORCHID;data,0;itemMetaData,lore[0]{0}displayName[0]{0}itemFlags[0]{0}unbreakable[0]false{0}enchantments[0]{0}repairCost[0]0{0};durability,0;metaType,ITEM;isBlank,false;"
29,"maxDurability,0;amount,1;maxStackSize,64;material,BLUE_TERRACOTTA;data,0;itemMetaData,lore[0]{0}displayName[0]{0}itemFlags[0]{0}unbreakable[0]false{0}enchantments[0]{0}repairCost[0]0{0};durability,0;metaType,ITEM;isBlank,false;"
30,"maxDurability,0;amount,1;maxStackSize,64;material,BONE;data,0;itemMetaData,lore[0]{0}displayName[0]{0}itemFlags[0]{0}unbreakable[0]false{0}enchantments[0]{0}repairCost[0]0{0};durability,0;metaType,ITEM;isBlank,false;"
31,"maxDurability,0;amount,1;maxStackSize,64;material,BONE_BLOCK;data,0;itemMetaData,lore[0]{0}displayName[0]{0}itemFlags[0]{0}unbreakable[0]false{0}enchantments[0]{0}repairCost[0]0{0};durability,0;metaType,ITEM;isBlank,false;"
32,"maxDurability,0;amount,1;maxStackSize,64;material,BONE_MEAL;data,0;itemMetaData,lore[0]{0}displayName[0]{0}itemFlags[0]{0}unbreakable[0]false{0}enchantments[0]{0}repairCost[0]0{0};durability,0;metaType,ITEM;isBlank,false;"
33,"maxDurability,0;amount,1;maxStackSize,64;material,BOOK;data,0;itemMetaData,lore[0]{0}displayName[0]{0}itemFlags[0]{0}unbreakable[0]false{0}enchantments[0]{0}repairCost[0]0{0};durability,0;metaType,ITEM;isBlank,false;"
34,"maxDurability,0;amount,1;maxStackSize,64;material,BOOKSHELF;data,0;itemMetaData,lore[0]{0}displayName[0]{0}itemFlags[0]{0}unbreakable[0]false{0}enchantments[0]{0}repairCost[0]0{0};durability,0;metaType,ITEM;isBlank,false;"
35,"maxDurability,0;amount,1;maxStackSize,64;material,BOWL;data,0;itemMetaData,lore[0]{0}displayName[0]{0}itemFlags[0]{0}unbreakable[0]false{0}enchantments[0]{0}repairCost[0]0{0};durability,0;metaType,ITEM;isBlank,false;"
36,"maxDurability,0;amount,1;maxStackSize,64;material,BREAD;data,0;itemMetaData,lore[0]{0}displayName[0]{0}itemFlags[0]{0}unbreakable[0]false{0}enchantments[0]{0}repairCost[0]0{0};durability,0;metaType,ITEM;isBlank,false;"
37,"maxDurability,0;amount,1;maxStackSize,64;material,BRICK;data,0;itemMetaData,lore[0]{0}displayName[0]{0}itemFlags[0]{0}unbreakable[0]false{0}enchantments[0]{0}repairCost[0]0{0};durability,0;metaType,ITEM;isBlank,false;"
38,"maxDurability,0;amount,1;maxStackSize,64;material,BRICKS;data,0;itemMetaData,lore[0]{0}displayName[0]{0}itemFlags[0]{0}unbreakable[0]false{0}enchantments[0]{0}repairCost[0]0{0};durability,0;metaType,ITEM;isBlank,false;"
39,"maxDurability,0;amount,1;maxStackSize,64;material,GRAY_CONCRETE;data,0;itemMetaData,lore[0]{0}displayName[0]{0}itemFlags[0]{0}unbreakable[0]false{0}enchantments[0]{0}repairCost[0]0{0};durability,0;metaType,ITEM;isBlank,false;"
40,"maxDurability,0;amount,1;maxStackSize,64;material,GREEN_CONCRETE;data,0;itemMetaData,lore[0]{0}displayName[0]{0}itemFlags[0]{0}unbreakable[0]false{0}enchantments[0]{0}repairCost[0]0{0};durability,0;metaType,ITEM;isBlank,false;"
41,"maxDurability,0;amount,1;maxStackSize,64;material,BROWN_MUSHROOM;data,0;itemMetaData,lore[0]{0}displayName[0]{0}itemFlags[0]{0}unbreakable[0]false{0}enchantments[0]{0}repairCost[0]0{0};durability,0;metaType,ITEM;isBlank,false;"
42,"maxDurability,0;amount,1;maxStackSize,64;material,BROWN_TERRACOTTA;data,0;itemMetaData,lore[0]{0}displayName[0]{0}itemFlags[0]{0}unbreakable[0]false{0}enchantments[0]{0}repairCost[0]0{0};durability,0;metaType,ITEM;isBlank,false;"
43,"maxDurability,0;amount,1;maxStackSize,16;material,BUCKET;data,0;itemMetaData,lore[0]{0}displayName[0]{0}itemFlags[0]{0}unbreakable[0]false{0}enchantments[0]{0}repairCost[0]0{0};durability,0;metaType,ITEM;isBlank,false;"
44,"maxDurability,0;amount,1;maxStackSize,64;material,CACTUS;data,0;itemMetaData,lore[0]{0}displayName[0]{0}itemFlags[0]{0}unbreakable[0]false{0}enchantments[0]{0}repairCost[0]0{0};durability,0;metaType,ITEM;isBlank,false;"
45,"maxDurability,0;amount,1;maxStackSize,1;material,CAKE;data,0;itemMetaData,lore[0]{0}displayName[0]{0}itemFlags[0]{0}unbreakable[0]false{0}enchantments[0]{0}repairCost[0]0{0};durability,0;metaType,ITEM;isBlank,false;"
46,"maxDurability,0;amount,1;maxStackSize,64;material,CARROT;data,0;itemMetaData,lore[0]{0}displayName[0]{0}itemFlags[0]{0}unbreakable[0]false{0}enchantments[0]{0}repairCost[0]0{0};durability,0;metaType,ITEM;isBlank,false;"
47,"maxDurability,0;amount,1;maxStackSize,64;material,CHARCOAL;data,0;itemMetaData,lore[0]{0}displayName[0]{0}itemFlags[0]{0}unbreakable[0]false{0}enchantments[0]{0}repairCost[0]0{0};durability,0;metaType,ITEM;isBlank,false;"
48,"maxDurability,0;amount,1;maxStackSize,64;material,CHORUS_FLOWER;data,0;itemMetaData,lore[0]{0}displayName[0]{0}itemFlags[0]{0}unbreakable[0]false{0}enchantments[0]{0}repairCost[0]0{0};durability,0;metaType,ITEM;isBlank,false;"
49,"maxDurability,0;amount,1;maxStackSize,64;material,CHORUS_FRUIT;data,0;itemMetaData,lore[0]{0}displayName[0]{0}itemFlags[0]{0}unbreakable[0]false{0}enchantments[0]{0}repairCost[0]0{0};durability,0;metaType,ITEM;isBlank,false;"
50,"maxDurability,0;amount,1;maxStackSize,64;material,CHORUS_PLANT;data,0;itemMetaData,lore[0]{0}displayName[0]{0}itemFlags[0]{0}unbreakable[0]false{0}enchantments[0]{0}repairCost[0]0{0};durability,0;metaType,ITEM;isBlank,false;"
51,"maxDurability,0;amount,1;maxStackSize,64;material,CLAY;data,0;itemMetaData,lore[0]{0}displayName[0]{0}itemFlags[0]{0}unbreakable[0]false{0}enchantments[0]{0}repairCost[0]0{0};durability,0;metaType,ITEM;isBlank,false;"
52,"maxDurability,0;amount,1;maxStackSize,64;material,CLAY_BALL;data,0;itemMetaData,lore[0]{0}displayName[0]{0}itemFlags[0]{0}unbreakable[0]false{0}enchantments[0]{0}repairCost[0]0{0};durability,0;metaType,ITEM;isBlank,false;"
53,"maxDurability,0;amount,1;maxStackSize,64;material,COAL;data,0;itemMetaData,lore[0]{0}displayName[0]{0}itemFlags[0]{0}unbreakable[0]false{0}enchantments[0]{0}repairCost[0]0{0};durability,0;metaType,ITEM;isBlank,false;"
54,"maxDurability,0;amount,1;maxStackSize,64;material,COAL_BLOCK;data,0;itemMetaData,lore[0]{0}displayName[0]{0}itemFlags[0]{0}unbreakable[0]false{0}enchantments[0]{0}repairCost[0]0{0};durability,0;metaType,ITEM;isBlank,false;"
55,"maxDurability,0;amount,1;maxStackSize,64;material,COBBLESTONE;data,0;itemMetaData,lore[0]{0}displayName[0]{0}itemFlags[0]{0}unbreakable[0]false{0}enchantments[0]{0}repairCost[0]0{0};durability,0;metaType,ITEM;isBlank,false;"
56,"maxDurability,0;amount,1;maxStackSize,64;material,COCOA_BEANS;data,0;itemMetaData,lore[0]{0}displayName[0]{0}itemFlags[0]{0}unbreakable[0]false{0}enchantments[0]{0}repairCost[0]0{0};durability,0;metaType,ITEM;isBlank,false;"
57,"maxDurability,0;amount,1;maxStackSize,64;material,COOKED_BEEF;data,0;itemMetaData,lore[0]{0}displayName[0]{0}itemFlags[0]{0}unbreakable[0]false{0}enchantments[0]{0}repairCost[0]0{0};durability,0;metaType,ITEM;isBlank,false;"
58,"maxDurability,0;amount,1;maxStackSize,64;material,COOKED_CHICKEN;data,0;itemMetaData,lore[0]{0}displayName[0]{0}itemFlags[0]{0}unbreakable[0]false{0}enchantments[0]{0}repairCost[0]0{0};durability,0;metaType,ITEM;isBlank,false;"
59,"maxDurability,0;amount,1;maxStackSize,64;material,COOKED_COD;data,0;itemMetaData,lore[0]{0}displayName[0]{0}itemFlags[0]{0}unbreakable[0]false{0}enchantments[0]{0}repairCost[0]0{0};durability,0;metaType,ITEM;isBlank,false;"
60,"maxDurability,0;amount,1;maxStackSize,64;material,COOKED_MUTTON;data,0;itemMetaData,lore[0]{0}displayName[0]{0}itemFlags[0]{0}unbreakable[0]false{0}enchantments[0]{0}repairCost[0]0{0};durability,0;metaType,ITEM;isBlank,false;"
61,"maxDurability,0;amount,1;maxStackSize,64;material,COOKED_PORKCHOP;data,0;itemMetaData,lore[0]{0}displayName[0]{0}itemFlags[0]{0}unbreakable[0]false{0}enchantments[0]{0}repairCost[0]0{0};durability,0;metaType,ITEM;isBlank,false;"
62,"maxDurability,0;amount,1;maxStackSize,64;material,COOKED_RABBIT;data,0;itemMetaData,lore[0]{0}displayName[0]{0}itemFlags[0]{0}unbreakable[0]false{0}enchantments[0]{0}repairCost[0]0{0};durability,0;metaType,ITEM;isBlank,false;"
63,"maxDurability,0;amount,1;maxStackSize,64;material,COOKED_SALMON;data,0;itemMetaData,lore[0]{0}displayName[0]{0}itemFlags[0]{0}unbreakable[0]false{0}enchantments[0]{0}repairCost[0]0{0};durability,0;metaType,ITEM;isBlank,false;"
64,"maxDurability,0;amount,1;maxStackSize,64;material,COOKIE;data,0;itemMetaData,lore[0]{0}displayName[0]{0}itemFlags[0]{0}unbreakable[0]false{0}enchantments[0]{0}repairCost[0]0{0};durability,0;metaType,ITEM;isBlank,false;"
65,"maxDurability,0;amount,1;maxStackSize,64;material,CORNFLOWER;data,0;itemMetaData,lore[0]{0}displayName[0]{0}itemFlags[0]{0}unbreakable[0]false{0}enchantments[0]{0}repairCost[0]0{0};durability,0;metaType,ITEM;isBlank,false;"
66,"maxDurability,0;amount,1;maxStackSize,64;material,CUT_RED_SANDSTONE;data,0;itemMetaData,lore[0]{0}displayName[0]{0}itemFlags[0]{0}unbreakable[0]false{0}enchantments[0]{0}repairCost[0]0{0};durability,0;metaType,ITEM;isBlank,false;"
67,"maxDurability,0;amount,1;maxStackSize,64;material,CUT_SANDSTONE;data,0;itemMetaData,lore[0]{0}displayName[0]{0}itemFlags[0]{0}unbreakable[0]false{0}enchantments[0]{0}repairCost[0]0{0};durability,0;metaType,ITEM;isBlank,false;"
68,"maxDurability,0;amount,1;maxStackSize,64;material,LIGHT_BLUE_CONCRETE;data,0;itemMetaData,lore[0]{0}displayName[0]{0}itemFlags[0]{0}unbreakable[0]false{0}enchantments[0]{0}repairCost[0]0{0};durability,0;metaType,ITEM;isBlank,false;"
69,"maxDurability,0;amount,1;maxStackSize,64;material,LIGHT_GRAY_CONCRETE;data,0;itemMetaData,lore[0]{0}displayName[0]{0}itemFlags[0]{0}unbreakable[0]false{0}enchantments[0]{0}repairCost[0]0{0};durability,0;metaType,ITEM;isBlank,false;"
70,"maxDurability,0;amount,1;maxStackSize,64;material,CYAN_TERRACOTTA;data,0;itemMetaData,lore[0]{0}displayName[0]{0}itemFlags[0]{0}unbreakable[0]false{0}enchantments[0]{0}repairCost[0]0{0};durability,0;metaType,ITEM;isBlank,false;"
71,"maxDurability,0;amount,1;maxStackSize,64;material,DARK_OAK_LEAVES;data,0;itemMetaData,lore[0]{0}displayName[0]{0}itemFlags[0]{0}unbreakable[0]false{0}enchantments[0]{0}repairCost[0]0{0};durability,0;metaType,ITEM;isBlank,false;"
72,"maxDurability,0;amount,1;maxStackSize,64;material,DARK_OAK_LOG;data,0;itemMetaData,lore[0]{0}displayName[0]{0}itemFlags[0]{0}unbreakable[0]false{0}enchantments[0]{0}repairCost[0]0{0};durability,0;metaType,ITEM;isBlank,false;"
73,"maxDurability,0;amount,1;maxStackSize,64;material,DARK_OAK_PLANKS;data,0;itemMetaData,lore[0]{0}displayName[0]{0}itemFlags[0]{0}unbreakable[0]false{0}enchantments[0]{0}repairCost[0]0{0};durability,0;metaType,ITEM;isBlank,false;"
74,"maxDurability,0;amount,1;maxStackSize,64;material,DARK_OAK_SAPLING;data,0;itemMetaData,lore[0]{0}displayName[0]{0}itemFlags[0]{0}unbreakable[0]false{0}enchantments[0]{0}repairCost[0]0{0};durability,0;metaType,ITEM;isBlank,false;"
75,"maxDurability,0;amount,1;maxStackSize,64;material,DARK_PRISMARINE;data,0;itemMetaData,lore[0]{0}displayName[0]{0}itemFlags[0]{0}unbreakable[0]false{0}enchantments[0]{0}repairCost[0]0{0};durability,0;metaType,ITEM;isBlank,false;"
76,"maxDurability,0;amount,1;maxStackSize,64;material,DETECTOR_RAIL;data,0;itemMetaData,lore[0]{0}displayName[0]{0}itemFlags[0]{0}unbreakable[0]false{0}enchantments[0]{0}repairCost[0]0{0};durability,0;metaType,ITEM;isBlank,false;"
77,"maxDurability,0;amount,1;maxStackSize,64;material,DIAMOND;data,0;itemMetaData,lore[0]{0}displayName[0]{0}itemFlags[0]{0}unbreakable[0]false{0}enchantments[0]{0}repairCost[0]0{0};durability,0;metaType,ITEM;isBlank,false;"
78,"maxDurability,0;amount,1;maxStackSize,1;material,DIAMOND_HORSE_ARMOR;data,0;itemMetaData,lore[0]{0}displayName[0]{0}itemFlags[0]{0}unbreakable[0]false{0}enchantments[0]{0}repairCost[0]0{0};durability,0;metaType,ITEM;isBlank,false;"
79,"maxDurability,0;amount,1;maxStackSize,64;material,DIORITE;data,0;itemMetaData,lore[0]{0}displayName[0]{0}itemFlags[0]{0}unbreakable[0]false{0}enchantments[0]{0}repairCost[0]0{0};durability,0;metaType,ITEM;isBlank,false;"
80,"maxDurability,0;amount,1;maxStackSize,64;material,DIRT;data,0;itemMetaData,lore[0]{0}displayName[0]{0}itemFlags[0]{0}unbreakable[0]false{0}enchantments[0]{0}repairCost[0]0{0};durability,0;metaType,ITEM;isBlank,false;"
81,"maxDurability,0;amount,1;maxStackSize,64;material,DRIED_KELP;data,0;itemMetaData,lore[0]{0}displayName[0]{0}itemFlags[0]{0}unbreakable[0]false{0}enchantments[0]{0}repairCost[0]0{0};durability,0;metaType,ITEM;isBlank,false;"
82,"maxDurability,0;amount,1;maxStackSize,16;material,EGG;data,0;itemMetaData,lore[0]{0}displayName[0]{0}itemFlags[0]{0}unbreakable[0]false{0}enchantments[0]{0}repairCost[0]0{0};durability,0;metaType,ITEM;isBlank,false;"
83,"maxDurability,432;amount,1;maxStackSize,1;material,ELYTRA;data,0;itemMetaData,lore[0]{0}displayName[0]{0}itemFlags[0]{0}unbreakable[0]false{0}enchantments[0]{0}repairCost[0]0{0};durability,0;metaType,ITEM;isBlank,false;"
84,"maxDurability,0;amount,1;maxStackSize,64;material,EMERALD;data,0;itemMetaData,lore[0]{0}displayName[0]{0}itemFlags[0]{0}unbreakable[0]false{0}enchantments[0]{0}repairCost[0]0{0};durability,0;metaType,ITEM;isBlank,false;"
85,"maxDurability,0;amount,1;maxStackSize,64;material,EMERALD_BLOCK;data,0;itemMetaData,lore[0]{0}displayName[0]{0}itemFlags[0]{0}unbreakable[0]false{0}enchantments[0]{0}repairCost[0]0{0};durability,0;metaType,ITEM;isBlank,false;"
86,"maxDurability,0;amount,1;maxStackSize,64;material,ENCHANTED_GOLDEN_APPLE;data,0;itemMetaData,lore[0]{0}displayName[0]{0}itemFlags[0]{0}unbreakable[0]false{0}enchantments[0]{0}repairCost[0]0{0};durability,0;metaType,ITEM;isBlank,false;"
87,"maxDurability,0;amount,1;maxStackSize,64;material,ENDER_EYE;data,0;itemMetaData,lore[0]{0}displayName[0]{0}itemFlags[0]{0}unbreakable[0]false{0}enchantments[0]{0}repairCost[0]0{0};durability,0;metaType,ITEM;isBlank,false;"
88,"maxDurability,0;amount,1;maxStackSize,16;material,ENDER_PEARL;data,0;itemMetaData,lore[0]{0}displayName[0]{0}itemFlags[0]{0}unbreakable[0]false{0}enchantments[0]{0}repairCost[0]0{0};durability,0;metaType,ITEM;isBlank,false;"
89,"maxDurability,0;amount,1;maxStackSize,64;material,END_CRYSTAL;data,0;itemMetaData,lore[0]{0}displayName[0]{0}itemFlags[0]{0}unbreakable[0]false{0}enchantments[0]{0}repairCost[0]0{0};durability,0;metaType,ITEM;isBlank,false;"
90,"maxDurability,0;amount,1;maxStackSize,64;material,END_ROD;data,0;itemMetaData,lore[0]{0}displayName[0]{0}itemFlags[0]{0}unbreakable[0]false{0}enchantments[0]{0}repairCost[0]0{0};durability,0;metaType,ITEM;isBlank,false;"
91,"maxDurability,0;amount,1;maxStackSize,64;material,END_STONE;data,0;itemMetaData,lore[0]{0}displayName[0]{0}itemFlags[0]{0}unbreakable[0]false{0}enchantments[0]{0}repairCost[0]0{0};durability,0;metaType,ITEM;isBlank,false;"
92,"maxDurability,0;amount,1;maxStackSize,64;material,END_STONE_BRICKS;data,0;itemMetaData,lore[0]{0}displayName[0]{0}itemFlags[0]{0}unbreakable[0]false{0}enchantments[0]{0}repairCost[0]0{0};durability,0;metaType,ITEM;isBlank,false;"
93,"maxDurability,0;amount,1;maxStackSize,64;material,FEATHER;data,0;itemMetaData,lore[0]{0}displayName[0]{0}itemFlags[0]{0}unbreakable[0]false{0}enchantments[0]{0}repairCost[0]0{0};durability,0;metaType,ITEM;isBlank,false;"
94,"maxDurability,0;amount,1;maxStackSize,64;material,FERMENTED_SPIDER_EYE;data,0;itemMetaData,lore[0]{0}displayName[0]{0}itemFlags[0]{0}unbreakable[0]false{0}enchantments[0]{0}repairCost[0]0{0};durability,0;metaType,ITEM;isBlank,false;"
95,"maxDurability,0;amount,1;maxStackSize,64;material,FERN;data,0;itemMetaData,lore[0]{0}displayName[0]{0}itemFlags[0]{0}unbreakable[0]false{0}enchantments[0]{0}repairCost[0]0{0};durability,0;metaType,ITEM;isBlank,false;"
96,"maxDurability,0;amount,1;maxStackSize,64;material,FIREWORK_ROCKET;data,0;itemMetaData,lore[0]{0}displayName[0]{0}itemFlags[0]{0}unbreakable[0]false{0}enchantments[0]{0}repairCost[0]0{0};durability,0;metaType,ITEM;isBlank,false;"
97,"maxDurability,0;amount,1;maxStackSize,64;material,FIREWORK_STAR;data,0;itemMetaData,lore[0]{0}displayName[0]{0}itemFlags[0]{0}unbreakable[0]false{0}enchantments[0]{0}repairCost[0]0{0};durability,0;metaType,ITEM;isBlank,false;"
98,"maxDurability,0;amount,1;maxStackSize,64;material,FIRE_CHARGE;data,0;itemMetaData,lore[0]{0}displayName[0]{0}itemFlags[0]{0}unbreakable[0]false{0}enchantments[0]{0}repairCost[0]0{0};durability,0;metaType,ITEM;isBlank,false;"
99,"maxDurability,0;amount,1;maxStackSize,64;material,FLINT;data,0;itemMetaData,lore[0]{0}displayName[0]{0}itemFlags[0]{0}unbreakable[0]false{0}enchantments[0]{0}repairCost[0]0{0};durability,0;metaType,ITEM;isBlank,false;"
100,"maxDurability,0;amount,1;maxStackSize,64;material,GHAST_TEAR;data,0;itemMetaData,lore[0]{0}displayName[0]{0}itemFlags[0]{0}unbreakable[0]false{0}enchantments[0]{0}repairCost[0]0{0};durability,0;metaType,ITEM;isBlank,false;"
101,"maxDurability,0;amount,1;maxStackSize,64;material,GLISTERING_MELON_SLICE;data,0;itemMetaData,lore[0]{0}displayName[0]{0}itemFlags[0]{0}unbreakable[0]false{0}enchantments[0]{0}repairCost[0]0{0};durability,0;metaType,ITEM;isBlank,false;"
102,"maxDurability,0;amount,1;maxStackSize,64;material,GLOWSTONE;data,0;itemMetaData,lore[0]{0}displayName[0]{0}itemFlags[0]{0}unbreakable[0]false{0}enchantments[0]{0}repairCost[0]0{0};durability,0;metaType,ITEM;isBlank,false;"
103,"maxDurability,0;amount,1;maxStackSize,64;material,GLOWSTONE_DUST;data,0;itemMetaData,lore[0]{0}displayName[0]{0}itemFlags[0]{0}unbreakable[0]false{0}enchantments[0]{0}repairCost[0]0{0};durability,0;metaType,ITEM;isBlank,false;"
104,"maxDurability,0;amount,1;maxStackSize,64;material,GOLDEN_APPLE;data,0;itemMetaData,lore[0]{0}displayName[0]{0}itemFlags[0]{0}unbreakable[0]false{0}enchantments[0]{0}repairCost[0]0{0};durability,0;metaType,ITEM;isBlank,false;"
105,"maxDurability,0;amount,1;maxStackSize,64;material,GOLDEN_CARROT;data,0;itemMetaData,lore[0]{0}displayName[0]{0}itemFlags[0]{0}unbreakable[0]false{0}enchantments[0]{0}repairCost[0]0{0};durability,0;metaType,ITEM;isBlank,false;"
106,"maxDurability,0;amount,1;maxStackSize,1;material,GOLDEN_HORSE_ARMOR;data,0;itemMetaData,lore[0]{0}displayName[0]{0}itemFlags[0]{0}unbreakable[0]false{0}enchantments[0]{0}repairCost[0]0{0};durability,0;metaType,ITEM;isBlank,false;"
107,"maxDurability,0;amount,1;maxStackSize,64;material,GOLD_INGOT;data,0;itemMetaData,lore[0]{0}displayName[0]{0}itemFlags[0]{0}unbreakable[0]false{0}enchantments[0]{0}repairCost[0]0{0};durability,0;metaType,ITEM;isBlank,false;"
108,"maxDurability,0;amount,1;maxStackSize,64;material,GRANITE;data,0;itemMetaData,lore[0]{0}displayName[0]{0}itemFlags[0]{0}unbreakable[0]false{0}enchantments[0]{0}repairCost[0]0{0};durability,0;metaType,ITEM;isBlank,false;"
109,"maxDurability,0;amount,1;maxStackSize,64;material,GRAVEL;data,0;itemMetaData,lore[0]{0}displayName[0]{0}itemFlags[0]{0}unbreakable[0]false{0}enchantments[0]{0}repairCost[0]0{0};durability,0;metaType,ITEM;isBlank,false;"
110,"maxDurability,0;amount,1;maxStackSize,64;material,LIME_CONCRETE;data,0;itemMetaData,lore[0]{0}displayName[0]{0}itemFlags[0]{0}unbreakable[0]false{0}enchantments[0]{0}repairCost[0]0{0};durability,0;metaType,ITEM;isBlank,false;"
111,"maxDurability,0;amount,1;maxStackSize,64;material,MAGENTA_CONCRETE;data,0;itemMetaData,lore[0]{0}displayName[0]{0}itemFlags[0]{0}unbreakable[0]false{0}enchantments[0]{0}repairCost[0]0{0};durability,0;metaType,ITEM;isBlank,false;"
112,"maxDurability,0;amount,1;maxStackSize,64;material,GRAY_TERRACOTTA;data,0;itemMetaData,lore[0]{0}displayName[0]{0}itemFlags[0]{0}unbreakable[0]false{0}enchantments[0]{0}repairCost[0]0{0};durability,0;metaType,ITEM;isBlank,false;"
113,"maxDurability,0;amount,1;maxStackSize,64;material,ORANGE_CONCRETE;data,0;itemMetaData,lore[0]{0}displayName[0]{0}itemFlags[0]{0}unbreakable[0]false{0}enchantments[0]{0}repairCost[0]0{0};durability,0;metaType,ITEM;isBlank,false;"
114,"maxDurability,0;amount,1;maxStackSize,64;material,PINK_CONCRETE;data,0;itemMetaData,lore[0]{0}displayName[0]{0}itemFlags[0]{0}unbreakable[0]false{0}enchantments[0]{0}repairCost[0]0{0};durability,0;metaType,ITEM;isBlank,false;"
115,"maxDurability,0;amount,1;maxStackSize,64;material,GREEN_TERRACOTTA;data,0;itemMetaData,lore[0]{0}displayName[0]{0}itemFlags[0]{0}unbreakable[0]false{0}enchantments[0]{0}repairCost[0]0{0};durability,0;metaType,ITEM;isBlank,false;"
116,"maxDurability,0;amount,1;maxStackSize,64;material,GUNPOWDER;data,0;itemMetaData,lore[0]{0}displayName[0]{0}itemFlags[0]{0}unbreakable[0]false{0}enchantments[0]{0}repairCost[0]0{0};durability,0;metaType,ITEM;isBlank,false;"
117,"maxDurability,0;amount,1;maxStackSize,64;material,HAY_BLOCK;data,0;itemMetaData,lore[0]{0}displayName[0]{0}itemFlags[0]{0}unbreakable[0]false{0}enchantments[0]{0}repairCost[0]0{0};durability,0;metaType,ITEM;isBlank,false;"
118,"maxDurability,0;amount,1;maxStackSize,64;material,HONEYCOMB;data,0;itemMetaData,lore[0]{0}displayName[0]{0}itemFlags[0]{0}unbreakable[0]false{0}enchantments[0]{0}repairCost[0]0{0};durability,0;metaType,ITEM;isBlank,false;"
119,"maxDurability,0;amount,1;maxStackSize,64;material,HONEY_BLOCK;data,0;itemMetaData,lore[0]{0}displayName[0]{0}itemFlags[0]{0}unbreakable[0]false{0}enchantments[0]{0}repairCost[0]0{0};durability,0;metaType,ITEM;isBlank,false;"
120,"maxDurability,0;amount,1;maxStackSize,16;material,HONEY_BOTTLE;data,0;itemMetaData,lore[0]{0}displayName[0]{0}itemFlags[0]{0}unbreakable[0]false{0}enchantments[0]{0}repairCost[0]0{0};durability,0;metaType,ITEM;isBlank,false;"
121,"maxDurability,0;amount,1;maxStackSize,64;material,ICE;data,0;itemMetaData,lore[0]{0}displayName[0]{0}itemFlags[0]{0}unbreakable[0]false{0}enchantments[0]{0}repairCost[0]0{0};durability,0;metaType,ITEM;isBlank,false;"
122,"maxDurability,0;amount,1;maxStackSize,64;material,INK_SAC;data,0;itemMetaData,lore[0]{0}displayName[0]{0}itemFlags[0]{0}unbreakable[0]false{0}enchantments[0]{0}repairCost[0]0{0};durability,0;metaType,ITEM;isBlank,false;"
123,"maxDurability,0;amount,1;maxStackSize,1;material,IRON_HORSE_ARMOR;data,0;itemMetaData,lore[0]{0}displayName[0]{0}itemFlags[0]{0}unbreakable[0]false{0}enchantments[0]{0}repairCost[0]0{0};durability,0;metaType,ITEM;isBlank,false;"
124,"maxDurability,0;amount,1;maxStackSize,64;material,IRON_INGOT;data,0;itemMetaData,lore[0]{0}displayName[0]{0}itemFlags[0]{0}unbreakable[0]false{0}enchantments[0]{0}repairCost[0]0{0};durability,0;metaType,ITEM;isBlank,false;"
125,"maxDurability,0;amount,1;maxStackSize,64;material,JUNGLE_LEAVES;data,0;itemMetaData,lore[0]{0}displayName[0]{0}itemFlags[0]{0}unbreakable[0]false{0}enchantments[0]{0}repairCost[0]0{0};durability,0;metaType,ITEM;isBlank,false;"
126,"maxDurability,0;amount,1;maxStackSize,64;material,JUNGLE_LOG;data,0;itemMetaData,lore[0]{0}displayName[0]{0}itemFlags[0]{0}unbreakable[0]false{0}enchantments[0]{0}repairCost[0]0{0};durability,0;metaType,ITEM;isBlank,false;"
127,"maxDurability,0;amount,1;maxStackSize,64;material,JUNGLE_PLANKS;data,0;itemMetaData,lore[0]{0}displayName[0]{0}itemFlags[0]{0}unbreakable[0]false{0}enchantments[0]{0}repairCost[0]0{0};durability,0;metaType,ITEM;isBlank,false;"
128,"maxDurability,0;amount,1;maxStackSize,64;material,JUNGLE_SAPLING;data,0;itemMetaData,lore[0]{0}displayName[0]{0}itemFlags[0]{0}unbreakable[0]false{0}enchantments[0]{0}repairCost[0]0{0};durability,0;metaType,ITEM;isBlank,false;"
129,"maxDurability,0;amount,1;maxStackSize,64;material,KELP;data,0;itemMetaData,lore[0]{0}displayName[0]{0}itemFlags[0]{0}unbreakable[0]false{0}enchantments[0]{0}repairCost[0]0{0};durability,0;metaType,ITEM;isBlank,false;"
130,"maxDurability,0;amount,1;maxStackSize,64;material,LAPIS_LAZULI;data,0;itemMetaData,lore[0]{0}displayName[0]{0}itemFlags[0]{0}unbreakable[0]false{0}enchantments[0]{0}repairCost[0]0{0};durability,0;metaType,ITEM;isBlank,false;"
131,"maxDurability,0;amount,1;maxStackSize,1;material,LAVA_BUCKET;data,0;itemMetaData,lore[0]{0}displayName[0]{0}itemFlags[0]{0}unbreakable[0]false{0}enchantments[0]{0}repairCost[0]0{0};durability,0;metaType,ITEM;isBlank,false;"
132,"maxDurability,0;amount,1;maxStackSize,64;material,LEAD;data,0;itemMetaData,lore[0]{0}displayName[0]{0}itemFlags[0]{0}unbreakable[0]false{0}enchantments[0]{0}repairCost[0]0{0};durability,0;metaType,ITEM;isBlank,false;"
133,"maxDurability,0;amount,1;maxStackSize,64;material,LEATHER;data,0;itemMetaData,lore[0]{0}displayName[0]{0}itemFlags[0]{0}unbreakable[0]false{0}enchantments[0]{0}repairCost[0]0{0};durability,0;metaType,ITEM;isBlank,false;"
134,"maxDurability,0;amount,1;maxStackSize,64;material,PURPLE_CONCRETE;data,0;itemMetaData,lore[0]{0}displayName[0]{0}itemFlags[0]{0}unbreakable[0]false{0}enchantments[0]{0}repairCost[0]0{0};durability,0;metaType,ITEM;isBlank,false;"
135,"maxDurability,0;amount,1;maxStackSize,64;material,RED_CONCRETE;data,0;itemMetaData,lore[0]{0}displayName[0]{0}itemFlags[0]{0}unbreakable[0]false{0}enchantments[0]{0}repairCost[0]0{0};durability,0;metaType,ITEM;isBlank,false;"
136,"maxDurability,0;amount,1;maxStackSize,64;material,LIGHT_BLUE_TERRACOTTA;data,0;itemMetaData,lore[0]{0}displayName[0]{0}itemFlags[0]{0}unbreakable[0]false{0}enchantments[0]{0}repairCost[0]0{0};durability,0;metaType,ITEM;isBlank,false;"
137,"maxDurability,0;amount,1;maxStackSize,64;material,WHITE_CONCRETE;data,0;itemMetaData,lore[0]{0}displayName[0]{0}itemFlags[0]{0}unbreakable[0]false{0}enchantments[0]{0}repairCost[0]0{0};durability,0;metaType,ITEM;isBlank,false;"
138,"maxDurability,0;amount,1;maxStackSize,64;material,YELLOW_CONCRETE;data,0;itemMetaData,lore[0]{0}displayName[0]{0}itemFlags[0]{0}unbreakable[0]false{0}enchantments[0]{0}repairCost[0]0{0};durability,0;metaType,ITEM;isBlank,false;"
139,"maxDurability,0;amount,1;maxStackSize,64;material,LIGHT_GRAY_TERRACOTTA;data,0;itemMetaData,lore[0]{0}displayName[0]{0}itemFlags[0]{0}unbreakable[0]false{0}enchantments[0]{0}repairCost[0]0{0};durability,0;metaType,ITEM;isBlank,false;"
140,"maxDurability,0;amount,1;maxStackSize,64;material,LILAC;data,0;itemMetaData,lore[0]{0}displayName[0]{0}itemFlags[0]{0}unbreakable[0]false{0}enchantments[0]{0}repairCost[0]0{0};durability,0;metaType,ITEM;isBlank,false;"
141,"maxDurability,0;amount,1;maxStackSize,64;material,LILY_PAD;data,0;itemMetaData,lore[0]{0}displayName[0]{0}itemFlags[0]{0}unbreakable[0]false{0}enchantments[0]{0}repairCost[0]0{0};durability,0;metaType,ITEM;isBlank,false;"
142,"maxDurability,0;amount,1;maxStackSize,64;material,BLACK_DYE;data,0;itemMetaData,lore[0]{0}displayName[0]{0}itemFlags[0]{0}unbreakable[0]false{0}enchantments[0]{0}repairCost[0]0{0};durability,0;metaType,ITEM;isBlank,false;"
143,"maxDurability,0;amount,1;maxStackSize,64;material,BLUE_DYE;data,0;itemMetaData,lore[0]{0}displayName[0]{0}itemFlags[0]{0}unbreakable[0]false{0}enchantments[0]{0}repairCost[0]0{0};durability,0;metaType,ITEM;isBlank,false;"
144,"maxDurability,0;amount,1;maxStackSize,64;material,LIME_TERRACOTTA;data,0;itemMetaData,lore[0]{0}displayName[0]{0}itemFlags[0]{0}unbreakable[0]false{0}enchantments[0]{0}repairCost[0]0{0};durability,0;metaType,ITEM;isBlank,false;"
145,"maxDurability,0;amount,1;maxStackSize,64;material,BROWN_DYE;data,0;itemMetaData,lore[0]{0}displayName[0]{0}itemFlags[0]{0}unbreakable[0]false{0}enchantments[0]{0}repairCost[0]0{0};durability,0;metaType,ITEM;isBlank,false;"
146,"maxDurability,0;amount,1;maxStackSize,64;material,CYAN_DYE;data,0;itemMetaData,lore[0]{0}displayName[0]{0}itemFlags[0]{0}unbreakable[0]false{0}enchantments[0]{0}repairCost[0]0{0};durability,0;metaType,ITEM;isBlank,false;"
147,"maxDurability,0;amount,1;maxStackSize,64;material,MAGENTA_TERRACOTTA;data,0;itemMetaData,lore[0]{0}displayName[0]{0}itemFlags[0]{0}unbreakable[0]false{0}enchantments[0]{0}repairCost[0]0{0};durability,0;metaType,ITEM;isBlank,false;"
148,"maxDurability,0;amount,1;maxStackSize,64;material,MAGMA_CREAM;data,0;itemMetaData,lore[0]{0}displayName[0]{0}itemFlags[0]{0}unbreakable[0]false{0}enchantments[0]{0}repairCost[0]0{0};durability,0;metaType,ITEM;isBlank,false;"
149,"maxDurability,0;amount,1;maxStackSize,64;material,MELON;data,0;itemMetaData,lore[0]{0}displayName[0]{0}itemFlags[0]{0}unbreakable[0]false{0}enchantments[0]{0}repairCost[0]0{0};durability,0;metaType,ITEM;isBlank,false;"
150,"maxDurability,0;amount,1;maxStackSize,64;material,MELON_SEEDS;data,0;itemMetaData,lore[0]{0}displayName[0]{0}itemFlags[0]{0}unbreakable[0]false{0}enchantments[0]{0}repairCost[0]0{0};durability,0;metaType,ITEM;isBlank,false;"
151,"maxDurability,0;amount,1;maxStackSize,64;material,MELON_SLICE;data,0;itemMetaData,lore[0]{0}displayName[0]{0}itemFlags[0]{0}unbreakable[0]false{0}enchantments[0]{0}repairCost[0]0{0};durability,0;metaType,ITEM;isBlank,false;"
152,"maxDurability,0;amount,1;maxStackSize,1;material,MILK_BUCKET;data,0;itemMetaData,lore[0]{0}displayName[0]{0}itemFlags[0]{0}unbreakable[0]false{0}enchantments[0]{0}repairCost[0]0{0};durability,0;metaType,ITEM;isBlank,false;"
153,"maxDurability,0;amount,1;maxStackSize,1;material,MINECART;data,0;itemMetaData,lore[0]{0}displayName[0]{0}itemFlags[0]{0}unbreakable[0]false{0}enchantments[0]{0}repairCost[0]0{0};durability,0;metaType,ITEM;isBlank,false;"
154,"maxDurability,0;amount,1;maxStackSize,64;material,MOSSY_COBBLESTONE;data,0;itemMetaData,lore[0]{0}displayName[0]{0}itemFlags[0]{0}unbreakable[0]false{0}enchantments[0]{0}repairCost[0]0{0};durability,0;metaType,ITEM;isBlank,false;"
155,"maxDurability,0;amount,1;maxStackSize,64;material,MOSSY_STONE_BRICKS;data,0;itemMetaData,lore[0]{0}displayName[0]{0}itemFlags[0]{0}unbreakable[0]false{0}enchantments[0]{0}repairCost[0]0{0};durability,0;metaType,ITEM;isBlank,false;"
156,"maxDurability,0;amount,1;maxStackSize,1;material,MUSHROOM_STEW;data,0;itemMetaData,lore[0]{0}displayName[0]{0}itemFlags[0]{0}unbreakable[0]false{0}enchantments[0]{0}repairCost[0]0{0};durability,0;metaType,ITEM;isBlank,false;"
157,"maxDurability,0;amount,1;maxStackSize,64;material,MYCELIUM;data,0;itemMetaData,lore[0]{0}displayName[0]{0}itemFlags[0]{0}unbreakable[0]false{0}enchantments[0]{0}repairCost[0]0{0};durability,0;metaType,ITEM;isBlank,false;"
158,"maxDurability,0;amount,1;maxStackSize,64;material,NAME_TAG;data,0;itemMetaData,lore[0]{0}displayName[0]{0}itemFlags[0]{0}unbreakable[0]false{0}enchantments[0]{0}repairCost[0]0{0};durability,0;metaType,ITEM;isBlank,false;"
159,"maxDurability,0;amount,1;maxStackSize,64;material,NAUTILUS_SHELL;data,0;itemMetaData,lore[0]{0}displayName[0]{0}itemFlags[0]{0}unbreakable[0]false{0}enchantments[0]{0}repairCost[0]0{0};durability,0;metaType,ITEM;isBlank,false;"
160,"maxDurability,0;amount,1;maxStackSize,64;material,NETHERRACK;data,0;itemMetaData,lore[0]{0}displayName[0]{0}itemFlags[0]{0}unbreakable[0]false{0}enchantments[0]{0}repairCost[0]0{0};durability,0;metaType,ITEM;isBlank,false;"
161,"maxDurability,0;amount,1;maxStackSize,64;material,NETHER_BRICK;data,0;itemMetaData,lore[0]{0}displayName[0]{0}itemFlags[0]{0}unbreakable[0]false{0}enchantments[0]{0}repairCost[0]0{0};durability,0;metaType,ITEM;isBlank,false;"
162,"maxDurability,0;amount,1;maxStackSize,64;material,NETHER_BRICKS;data,0;itemMetaData,lore[0]{0}displayName[0]{0}itemFlags[0]{0}unbreakable[0]false{0}enchantments[0]{0}repairCost[0]0{0};durability,0;metaType,ITEM;isBlank,false;"
163,"maxDurability,0;amount,1;maxStackSize,64;material,NETHER_STAR;data,0;itemMetaData,lore[0]{0}displayName[0]{0}itemFlags[0]{0}unbreakable[0]false{0}enchantments[0]{0}repairCost[0]0{0};durability,0;metaType,ITEM;isBlank,false;"
164,"maxDurability,0;amount,1;maxStackSize,64;material,NETHER_WART;data,0;itemMetaData,lore[0]{0}displayName[0]{0}itemFlags[0]{0}unbreakable[0]false{0}enchantments[0]{0}repairCost[0]0{0};durability,0;metaType,ITEM;isBlank,false;"
165,"maxDurability,0;amount,1;maxStackSize,64;material,OAK_LEAVES;data,0;itemMetaData,lore[0]{0}displayName[0]{0}itemFlags[0]{0}unbreakable[0]false{0}enchantments[0]{0}repairCost[0]0{0};durability,0;metaType,ITEM;isBlank,false;"
166,"maxDurability,0;amount,1;maxStackSize,64;material,OAK_LOG;data,0;itemMetaData,lore[0]{0}displayName[0]{0}itemFlags[0]{0}unbreakable[0]false{0}enchantments[0]{0}repairCost[0]0{0};durability,0;metaType,ITEM;isBlank,false;"
167,"maxDurability,0;amount,1;maxStackSize,64;material,OAK_PLANKS;data,0;itemMetaData,lore[0]{0}displayName[0]{0}itemFlags[0]{0}unbreakable[0]false{0}enchantments[0]{0}repairCost[0]0{0};durability,0;metaType,ITEM;isBlank,false;"
168,"maxDurability,0;amount,1;maxStackSize,64;material,OAK_SAPLING;data,0;itemMetaData,lore[0]{0}displayName[0]{0}itemFlags[0]{0}unbreakable[0]false{0}enchantments[0]{0}repairCost[0]0{0};durability,0;metaType,ITEM;isBlank,false;"
169,"maxDurability,0;amount,1;maxStackSize,64;material,OBSIDIAN;data,0;itemMetaData,lore[0]{0}displayName[0]{0}itemFlags[0]{0}unbreakable[0]false{0}enchantments[0]{0}repairCost[0]0{0};durability,0;metaType,ITEM;isBlank,false;"
170,"maxDurability,0;amount,1;maxStackSize,64;material,GRAY_DYE;data,0;itemMetaData,lore[0]{0}displayName[0]{0}itemFlags[0]{0}unbreakable[0]false{0}enchantments[0]{0}repairCost[0]0{0};durability,0;metaType,ITEM;isBlank,false;"
171,"maxDurability,0;amount,1;maxStackSize,64;material,GREEN_DYE;data,0;itemMetaData,lore[0]{0}displayName[0]{0}itemFlags[0]{0}unbreakable[0]false{0}enchantments[0]{0}repairCost[0]0{0};durability,0;metaType,ITEM;isBlank,false;"
172,"maxDurability,0;amount,1;maxStackSize,64;material,ORANGE_TERRACOTTA;data,0;itemMetaData,lore[0]{0}displayName[0]{0}itemFlags[0]{0}unbreakable[0]false{0}enchantments[0]{0}repairCost[0]0{0};durability,0;metaType,ITEM;isBlank,false;"
173,"maxDurability,0;amount,1;maxStackSize,64;material,ORANGE_TULIP;data,0;itemMetaData,lore[0]{0}displayName[0]{0}itemFlags[0]{0}unbreakable[0]false{0}enchantments[0]{0}repairCost[0]0{0};durability,0;metaType,ITEM;isBlank,false;"
174,"maxDurability,0;amount,1;maxStackSize,64;material,OXEYE_DAISY;data,0;itemMetaData,lore[0]{0}displayName[0]{0}itemFlags[0]{0}unbreakable[0]false{0}enchantments[0]{0}repairCost[0]0{0};durability,0;metaType,ITEM;isBlank,false;"
175,"maxDurability,0;amount,1;maxStackSize,64;material,PACKED_ICE;data,0;itemMetaData,lore[0]{0}displayName[0]{0}itemFlags[0]{0}unbreakable[0]false{0}enchantments[0]{0}repairCost[0]0{0};durability,0;metaType,ITEM;isBlank,false;"
176,"maxDurability,0;amount,1;maxStackSize,64;material,PAPER;data,0;itemMetaData,lore[0]{0}displayName[0]{0}itemFlags[0]{0}unbreakable[0]false{0}enchantments[0]{0}repairCost[0]0{0};durability,0;metaType,ITEM;isBlank,false;"
177,"maxDurability,0;amount,1;maxStackSize,64;material,PEONY;data,0;itemMetaData,lore[0]{0}displayName[0]{0}itemFlags[0]{0}unbreakable[0]false{0}enchantments[0]{0}repairCost[0]0{0};durability,0;metaType,ITEM;isBlank,false;"
178,"maxDurability,0;amount,1;maxStackSize,64;material,PHANTOM_MEMBRANE;data,0;itemMetaData,lore[0]{0}displayName[0]{0}itemFlags[0]{0}unbreakable[0]false{0}enchantments[0]{0}repairCost[0]0{0};durability,0;metaType,ITEM;isBlank,false;"
179,"maxDurability,0;amount,1;maxStackSize,64;material,LIGHT_BLUE_DYE;data,0;itemMetaData,lore[0]{0}displayName[0]{0}itemFlags[0]{0}unbreakable[0]false{0}enchantments[0]{0}repairCost[0]0{0};durability,0;metaType,ITEM;isBlank,false;"
180,"maxDurability,0;amount,1;maxStackSize,64;material,LIGHT_GRAY_DYE;data,0;itemMetaData,lore[0]{0}displayName[0]{0}itemFlags[0]{0}unbreakable[0]false{0}enchantments[0]{0}repairCost[0]0{0};durability,0;metaType,ITEM;isBlank,false;"
181,"maxDurability,0;amount,1;maxStackSize,64;material,PINK_TERRACOTTA;data,0;itemMetaData,lore[0]{0}displayName[0]{0}itemFlags[0]{0}unbreakable[0]false{0}enchantments[0]{0}repairCost[0]0{0};durability,0;metaType,ITEM;isBlank,false;"
182,"maxDurability,0;amount,1;maxStackSize,64;material,PINK_TULIP;data,0;itemMetaData,lore[0]{0}displayName[0]{0}itemFlags[0]{0}unbreakable[0]false{0}enchantments[0]{0}repairCost[0]0{0};durability,0;metaType,ITEM;isBlank,false;"
183,"maxDurability,0;amount,1;maxStackSize,64;material,PODZOL;data,0;itemMetaData,lore[0]{0}displayName[0]{0}itemFlags[0]{0}unbreakable[0]false{0}enchantments[0]{0}repairCost[0]0{0};durability,0;metaType,ITEM;isBlank,false;"
184,"maxDurability,0;amount,1;maxStackSize,64;material,POLISHED_ANDESITE;data,0;itemMetaData,lore[0]{0}displayName[0]{0}itemFlags[0]{0}unbreakable[0]false{0}enchantments[0]{0}repairCost[0]0{0};durability,0;metaType,ITEM;isBlank,false;"
185,"maxDurability,0;amount,1;maxStackSize,64;material,POLISHED_DIORITE;data,0;itemMetaData,lore[0]{0}displayName[0]{0}itemFlags[0]{0}unbreakable[0]false{0}enchantments[0]{0}repairCost[0]0{0};durability,0;metaType,ITEM;isBlank,false;"
186,"maxDurability,0;amount,1;maxStackSize,64;material,POLISHED_GRANITE;data,0;itemMetaData,lore[0]{0}displayName[0]{0}itemFlags[0]{0}unbreakable[0]false{0}enchantments[0]{0}repairCost[0]0{0};durability,0;metaType,ITEM;isBlank,false;"
187,"maxDurability,0;amount,1;maxStackSize,64;material,POPPED_CHORUS_FRUIT;data,0;itemMetaData,lore[0]{0}displayName[0]{0}itemFlags[0]{0}unbreakable[0]false{0}enchantments[0]{0}repairCost[0]0{0};durability,0;metaType,ITEM;isBlank,false;"
188,"maxDurability,0;amount,1;maxStackSize,64;material,POPPY;data,0;itemMetaData,lore[0]{0}displayName[0]{0}itemFlags[0]{0}unbreakable[0]false{0}enchantments[0]{0}repairCost[0]0{0};durability,0;metaType,ITEM;isBlank,false;"
189,"maxDurability,0;amount,1;maxStackSize,64;material,POTATO;data,0;itemMetaData,lore[0]{0}displayName[0]{0}itemFlags[0]{0}unbreakable[0]false{0}enchantments[0]{0}repairCost[0]0{0};durability,0;metaType,ITEM;isBlank,false;"
190,"maxDurability,0;amount,1;maxStackSize,64;material,POWERED_RAIL;data,0;itemMetaData,lore[0]{0}displayName[0]{0}itemFlags[0]{0}unbreakable[0]false{0}enchantments[0]{0}repairCost[0]0{0};durability,0;metaType,ITEM;isBlank,false;"
191,"maxDurability,0;amount,1;maxStackSize,64;material,PRISMARINE;data,0;itemMetaData,lore[0]{0}displayName[0]{0}itemFlags[0]{0}unbreakable[0]false{0}enchantments[0]{0}repairCost[0]0{0};durability,0;metaType,ITEM;isBlank,false;"
192,"maxDurability,0;amount,1;maxStackSize,64;material,PRISMARINE_BRICKS;data,0;itemMetaData,lore[0]{0}displayName[0]{0}itemFlags[0]{0}unbreakable[0]false{0}enchantments[0]{0}repairCost[0]0{0};durability,0;metaType,ITEM;isBlank,false;"
193,"maxDurability,0;amount,1;maxStackSize,64;material,PRISMARINE_CRYSTALS;data,0;itemMetaData,lore[0]{0}displayName[0]{0}itemFlags[0]{0}unbreakable[0]false{0}enchantments[0]{0}repairCost[0]0{0};durability,0;metaType,ITEM;isBlank,false;"
194,"maxDurability,0;amount,1;maxStackSize,64;material,PRISMARINE_SHARD;data,0;itemMetaData,lore[0]{0}displayName[0]{0}itemFlags[0]{0}unbreakable[0]false{0}enchantments[0]{0}repairCost[0]0{0};durability,0;metaType,ITEM;isBlank,false;"
195,"maxDurability,0;amount,1;maxStackSize,64;material,PUMPKIN;data,0;itemMetaData,lore[0]{0}displayName[0]{0}itemFlags[0]{0}unbreakable[0]false{0}enchantments[0]{0}repairCost[0]0{0};durability,0;metaType,ITEM;isBlank,false;"
196,"maxDurability,0;amount,1;maxStackSize,64;material,PUMPKIN_PIE;data,0;itemMetaData,lore[0]{0}displayName[0]{0}itemFlags[0]{0}unbreakable[0]false{0}enchantments[0]{0}repairCost[0]0{0};durability,0;metaType,ITEM;isBlank,false;"
197,"maxDurability,0;amount,1;maxStackSize,64;material,PUMPKIN_SEEDS;data,0;itemMetaData,lore[0]{0}displayName[0]{0}itemFlags[0]{0}unbreakable[0]false{0}enchantments[0]{0}repairCost[0]0{0};durability,0;metaType,ITEM;isBlank,false;"
198,"maxDurability,0;amount,1;maxStackSize,64;material,LIME_DYE;data,0;itemMetaData,lore[0]{0}displayName[0]{0}itemFlags[0]{0}unbreakable[0]false{0}enchantments[0]{0}repairCost[0]0{0};durability,0;metaType,ITEM;isBlank,false;"
199,"maxDurability,0;amount,1;maxStackSize,64;material,MAGENTA_DYE;data,0;itemMetaData,lore[0]{0}displayName[0]{0}itemFlags[0]{0}unbreakable[0]false{0}enchantments[0]{0}repairCost[0]0{0};durability,0;metaType,ITEM;isBlank,false;"
200,"maxDurability,0;amount,1;maxStackSize,64;material,PURPLE_TERRACOTTA;data,0;itemMetaData,lore[0]{0}displayName[0]{0}itemFlags[0]{0}unbreakable[0]false{0}enchantments[0]{0}repairCost[0]0{0};durability,0;metaType,ITEM;isBlank,false;"
201,"maxDurability,0;amount,1;maxStackSize,64;material,PURPUR_BLOCK;data,0;itemMetaData,lore[0]{0}displayName[0]{0}itemFlags[0]{0}unbreakable[0]false{0}enchantments[0]{0}repairCost[0]0{0};durability,0;metaType,ITEM;isBlank,false;"
202,"maxDurability,0;amount,1;maxStackSize,64;material,PURPUR_PILLAR;data,0;itemMetaData,lore[0]{0}displayName[0]{0}itemFlags[0]{0}unbreakable[0]false{0}enchantments[0]{0}repairCost[0]0{0};durability,0;metaType,ITEM;isBlank,false;"
203,"maxDurability,0;amount,1;maxStackSize,64;material,QUARTZ;data,0;itemMetaData,lore[0]{0}displayName[0]{0}itemFlags[0]{0}unbreakable[0]false{0}enchantments[0]{0}repairCost[0]0{0};durability,0;metaType,ITEM;isBlank,false;"
204,"maxDurability,0;amount,1;maxStackSize,64;material,QUARTZ_PILLAR;data,0;itemMetaData,lore[0]{0}displayName[0]{0}itemFlags[0]{0}unbreakable[0]false{0}enchantments[0]{0}repairCost[0]0{0};durability,0;metaType,ITEM;isBlank,false;"
205,"maxDurability,0;amount,1;maxStackSize,64;material,RABBIT_FOOT;data,0;itemMetaData,lore[0]{0}displayName[0]{0}itemFlags[0]{0}unbreakable[0]false{0}enchantments[0]{0}repairCost[0]0{0};durability,0;metaType,ITEM;isBlank,false;"
206,"maxDurability,0;amount,1;maxStackSize,64;material,RABBIT_HIDE;data,0;itemMetaData,lore[0]{0}displayName[0]{0}itemFlags[0]{0}unbreakable[0]false{0}enchantments[0]{0}repairCost[0]0{0};durability,0;metaType,ITEM;isBlank,false;"
207,"maxDurability,0;amount,1;maxStackSize,1;material,RABBIT_STEW;data,0;itemMetaData,lore[0]{0}displayName[0]{0}itemFlags[0]{0}unbreakable[0]false{0}enchantments[0]{0}repairCost[0]0{0};durability,0;metaType,ITEM;isBlank,false;"
208,"maxDurability,0;amount,1;maxStackSize,64;material,RAIL;data,0;itemMetaData,lore[0]{0}displayName[0]{0}itemFlags[0]{0}unbreakable[0]false{0}enchantments[0]{0}repairCost[0]0{0};durability,0;metaType,ITEM;isBlank,false;"
209,"maxDurability,0;amount,1;maxStackSize,64;material,REDSTONE;data,0;itemMetaData,lore[0]{0}displayName[0]{0}itemFlags[0]{0}unbreakable[0]false{0}enchantments[0]{0}repairCost[0]0{0};durability,0;metaType,ITEM;isBlank,false;"
210,"maxDurability,0;amount,1;maxStackSize,64;material,ORANGE_DYE;data,0;itemMetaData,lore[0]{0}displayName[0]{0}itemFlags[0]{0}unbreakable[0]false{0}enchantments[0]{0}repairCost[0]0{0};durability,0;metaType,ITEM;isBlank,false;"
211,"maxDurability,0;amount,1;maxStackSize,64;material,PINK_DYE;data,0;itemMetaData,lore[0]{0}displayName[0]{0}itemFlags[0]{0}unbreakable[0]false{0}enchantments[0]{0}repairCost[0]0{0};durability,0;metaType,ITEM;isBlank,false;"
212,"maxDurability,0;amount,1;maxStackSize,64;material,RED_MUSHROOM;data,0;itemMetaData,lore[0]{0}displayName[0]{0}itemFlags[0]{0}unbreakable[0]false{0}enchantments[0]{0}repairCost[0]0{0};durability,0;metaType,ITEM;isBlank,false;"
213,"maxDurability,0;amount,1;maxStackSize,64;material,RED_NETHER_BRICKS;data,0;itemMetaData,lore[0]{0}displayName[0]{0}itemFlags[0]{0}unbreakable[0]false{0}enchantments[0]{0}repairCost[0]0{0};durability,0;metaType,ITEM;isBlank,false;"
214,"maxDurability,0;amount,1;maxStackSize,64;material,RED_SAND;data,0;itemMetaData,lore[0]{0}displayName[0]{0}itemFlags[0]{0}unbreakable[0]false{0}enchantments[0]{0}repairCost[0]0{0};durability,0;metaType,ITEM;isBlank,false;"
215,"maxDurability,0;amount,1;maxStackSize,64;material,RED_SANDSTONE;data,0;itemMetaData,lore[0]{0}displayName[0]{0}itemFlags[0]{0}unbreakable[0]false{0}enchantments[0]{0}repairCost[0]0{0};durability,0;metaType,ITEM;isBlank,false;"
216,"maxDurability,0;amount,1;maxStackSize,64;material,RED_TERRACOTTA;data,0;itemMetaData,lore[0]{0}displayName[0]{0}itemFlags[0]{0}unbreakable[0]false{0}enchantments[0]{0}repairCost[0]0{0};durability,0;metaType,ITEM;isBlank,false;"
217,"maxDurability,0;amount,1;maxStackSize,64;material,RED_TULIP;data,0;itemMetaData,lore[0]{0}displayName[0]{0}itemFlags[0]{0}unbreakable[0]false{0}enchantments[0]{0}repairCost[0]0{0};durability,0;metaType,ITEM;isBlank,false;"
218,"maxDurability,0;amount,1;maxStackSize,64;material,ROSE_BUSH;data,0;itemMetaData,lore[0]{0}displayName[0]{0}itemFlags[0]{0}unbreakable[0]false{0}enchantments[0]{0}repairCost[0]0{0};durability,0;metaType,ITEM;isBlank,false;"
219,"maxDurability,0;amount,1;maxStackSize,64;material,ROTTEN_FLESH;data,0;itemMetaData,lore[0]{0}displayName[0]{0}itemFlags[0]{0}unbreakable[0]false{0}enchantments[0]{0}repairCost[0]0{0};durability,0;metaType,ITEM;isBlank,false;"
220,"maxDurability,0;amount,1;maxStackSize,1;material,SADDLE;data,0;itemMetaData,lore[0]{0}displayName[0]{0}itemFlags[0]{0}unbreakable[0]false{0}enchantments[0]{0}repairCost[0]0{0};durability,0;metaType,ITEM;isBlank,false;"
221,"maxDurability,0;amount,1;maxStackSize,64;material,SAND;data,0;itemMetaData,lore[0]{0}displayName[0]{0}itemFlags[0]{0}unbreakable[0]false{0}enchantments[0]{0}repairCost[0]0{0};durability,0;metaType,ITEM;isBlank,false;"
222,"maxDurability,0;amount,1;maxStackSize,64;material,SANDSTONE;data,0;itemMetaData,lore[0]{0}displayName[0]{0}itemFlags[0]{0}unbreakable[0]false{0}enchantments[0]{0}repairCost[0]0{0};durability,0;metaType,ITEM;isBlank,false;"
223,"maxDurability,0;amount,1;maxStackSize,64;material,SCAFFOLDING;data,0;itemMetaData,lore[0]{0}displayName[0]{0}itemFlags[0]{0}unbreakable[0]false{0}enchantments[0]{0}repairCost[0]0{0};durability,0;metaType,ITEM;isBlank,false;"
224,"maxDurability,0;amount,1;maxStackSize,64;material,SCUTE;data,0;itemMetaData,lore[0]{0}displayName[0]{0}itemFlags[0]{0}unbreakable[0]false{0}enchantments[0]{0}repairCost[0]0{0};durability,0;metaType,ITEM;isBlank,false;"
225,"maxDurability,0;amount,1;maxStackSize,64;material,SEA_LANTERN;data,0;itemMetaData,lore[0]{0}displayName[0]{0}itemFlags[0]{0}unbreakable[0]false{0}enchantments[0]{0}repairCost[0]0{0};durability,0;metaType,ITEM;isBlank,false;"
226,"maxDurability,0;amount,1;maxStackSize,1;material,SHULKER_BOX;data,0;itemMetaData,lore[0]{0}displayName[0]{0}itemFlags[0]{0}unbreakable[0]false{0}enchantments[0]{0}repairCost[0]0{0};durability,0;metaType,ITEM;isBlank,false;"
227,"maxDurability,0;amount,1;maxStackSize,64;material,SLIME_BALL;data,0;itemMetaData,lore[0]{0}displayName[0]{0}itemFlags[0]{0}unbreakable[0]false{0}enchantments[0]{0}repairCost[0]0{0};durability,0;metaType,ITEM;isBlank,false;"
228,"maxDurability,0;amount,1;maxStackSize,64;material,SMOOTH_STONE;data,0;itemMetaData,lore[0]{0}displayName[0]{0}itemFlags[0]{0}unbreakable[0]false{0}enchantments[0]{0}repairCost[0]0{0};durability,0;metaType,ITEM;isBlank,false;"
229,"maxDurability,0;amount,1;maxStackSize,16;material,SNOWBALL;data,0;itemMetaData,lore[0]{0}displayName[0]{0}itemFlags[0]{0}unbreakable[0]false{0}enchantments[0]{0}repairCost[0]0{0};durability,0;metaType,ITEM;isBlank,false;"
230,"maxDurability,0;amount,1;maxStackSize,64;material,SOUL_SAND;data,0;itemMetaData,lore[0]{0}displayName[0]{0}itemFlags[0]{0}unbreakable[0]false{0}enchantments[0]{0}repairCost[0]0{0};durability,0;metaType,ITEM;isBlank,false;"
231,"maxDurability,0;amount,1;maxStackSize,64;material,SPIDER_EYE;data,0;itemMetaData,lore[0]{0}displayName[0]{0}itemFlags[0]{0}unbreakable[0]false{0}enchantments[0]{0}repairCost[0]0{0};durability,0;metaType,ITEM;isBlank,false;"
232,"maxDurability,0;amount,1;maxStackSize,64;material,SPONGE;data,0;itemMetaData,lore[0]{0}displayName[0]{0}itemFlags[0]{0}unbreakable[0]false{0}enchantments[0]{0}repairCost[0]0{0};durability,0;metaType,ITEM;isBlank,false;"
233,"maxDurability,0;amount,1;maxStackSize,64;material,SPRUCE_LEAVES;data,0;itemMetaData,lore[0]{0}displayName[0]{0}itemFlags[0]{0}unbreakable[0]false{0}enchantments[0]{0}repairCost[0]0{0};durability,0;metaType,ITEM;isBlank,false;"
234,"maxDurability,0;amount,1;maxStackSize,64;material,SPRUCE_LOG;data,0;itemMetaData,lore[0]{0}displayName[0]{0}itemFlags[0]{0}unbreakable[0]false{0}enchantments[0]{0}repairCost[0]0{0};durability,0;metaType,ITEM;isBlank,false;"
235,"maxDurability,0;amount,1;maxStackSize,64;material,SPRUCE_PLANKS;data,0;itemMetaData,lore[0]{0}displayName[0]{0}itemFlags[0]{0}unbreakable[0]false{0}enchantments[0]{0}repairCost[0]0{0};durability,0;metaType,ITEM;isBlank,false;"
236,"maxDurability,0;amount,1;maxStackSize,64;material,SPRUCE_SAPLING;data,0;itemMetaData,lore[0]{0}displayName[0]{0}itemFlags[0]{0}unbreakable[0]false{0}enchantments[0]{0}repairCost[0]0{0};durability,0;metaType,ITEM;isBlank,false;"
237,"maxDurability,0;amount,1;maxStackSize,64;material,STONE;data,0;itemMetaData,lore[0]{0}displayName[0]{0}itemFlags[0]{0}unbreakable[0]false{0}enchantments[0]{0}repairCost[0]0{0};durability,0;metaType,ITEM;isBlank,false;"
238,"maxDurability,0;amount,1;maxStackSize,64;material,STONE_BRICKS;data,0;itemMetaData,lore[0]{0}displayName[0]{0}itemFlags[0]{0}unbreakable[0]false{0}enchantments[0]{0}repairCost[0]0{0};durability,0;metaType,ITEM;isBlank,false;"
239,"maxDurability,0;amount,1;maxStackSize,64;material,STRING;data,0;itemMetaData,lore[0]{0}displayName[0]{0}itemFlags[0]{0}unbreakable[0]false{0}enchantments[0]{0}repairCost[0]0{0};durability,0;metaType,ITEM;isBlank,false;"
240,"maxDurability,0;amount,1;maxStackSize,64;material,SUGAR;data,0;itemMetaData,lore[0]{0}displayName[0]{0}itemFlags[0]{0}unbreakable[0]false{0}enchantments[0]{0}repairCost[0]0{0};durability,0;metaType,ITEM;isBlank,false;"
241,"maxDurability,0;amount,1;maxStackSize,64;material,SUGAR_CANE;data,0;itemMetaData,lore[0]{0}displayName[0]{0}itemFlags[0]{0}unbreakable[0]false{0}enchantments[0]{0}repairCost[0]0{0};durability,0;metaType,ITEM;isBlank,false;"
242,"maxDurability,0;amount,1;maxStackSize,64;material,SUNFLOWER;data,0;itemMetaData,lore[0]{0}displayName[0]{0}itemFlags[0]{0}unbreakable[0]false{0}enchantments[0]{0}repairCost[0]0{0};durability,0;metaType,ITEM;isBlank,false;"
243,"maxDurability,0;amount,1;maxStackSize,64;material,SWEET_BERRIES;data,0;itemMetaData,lore[0]{0}displayName[0]{0}itemFlags[0]{0}unbreakable[0]false{0}enchantments[0]{0}repairCost[0]0{0};durability,0;metaType,ITEM;isBlank,false;"
244,"maxDurability,0;amount,1;maxStackSize,64;material,TERRACOTTA;data,0;itemMetaData,lore[0]{0}displayName[0]{0}itemFlags[0]{0}unbreakable[0]false{0}enchantments[0]{0}repairCost[0]0{0};durability,0;metaType,ITEM;isBlank,false;"
245,"maxDurability,0;amount,1;maxStackSize,64;material,TNT;data,0;itemMetaData,lore[0]{0}displayName[0]{0}itemFlags[0]{0}unbreakable[0]false{0}enchantments[0]{0}repairCost[0]0{0};durability,0;metaType,ITEM;isBlank,false;"
246,"maxDurability,0;amount,1;maxStackSize,64;material,TORCH;data,0;itemMetaData,lore[0]{0}displayName[0]{0}itemFlags[0]{0}unbreakable[0]false{0}enchantments[0]{0}repairCost[0]0{0};durability,0;metaType,ITEM;isBlank,false;"
247,"maxDurability,0;amount,1;maxStackSize,1;material,TOTEM_OF_UNDYING;data,0;itemMetaData,lore[0]{0}displayName[0]{0}itemFlags[0]{0}unbreakable[0]false{0}enchantments[0]{0}repairCost[0]0{0};durability,0;metaType,ITEM;isBlank,false;"
248,"maxDurability,250;amount,1;maxStackSize,1;material,TRIDENT;data,0;itemMetaData,lore[0]{0}displayName[0]{0}itemFlags[0]{0}unbreakable[0]false{0}enchantments[0]{0}repairCost[0]0{0};durability,0;metaType,ITEM;isBlank,false;"
249,"maxDurability,0;amount,1;maxStackSize,64;material,TROPICAL_FISH;data,0;itemMetaData,lore[0]{0}displayName[0]{0}itemFlags[0]{0}unbreakable[0]false{0}enchantments[0]{0}repairCost[0]0{0};durability,0;metaType,ITEM;isBlank,false;"
250,"maxDurability,0;amount,1;maxStackSize,1;material,WATER_BUCKET;data,0;itemMetaData,lore[0]{0}displayName[0]{0}itemFlags[0]{0}unbreakable[0]false{0}enchantments[0]{0}repairCost[0]0{0};durability,0;metaType,ITEM;isBlank,false;"
251,"maxDurability,0;amount,1;maxStackSize,64;material,WHEAT;data,0;itemMetaData,lore[0]{0}displayName[0]{0}itemFlags[0]{0}unbreakable[0]false{0}enchantments[0]{0}repairCost[0]0{0};durability,0;metaType,ITEM;isBlank,false;"
252,"maxDurability,0;amount,1;maxStackSize,64;material,WHEAT_SEEDS;data,0;itemMetaData,lore[0]{0}displayName[0]{0}itemFlags[0]{0}unbreakable[0]false{0}enchantments[0]{0}repairCost[0]0{0};durability,0;metaType,ITEM;isBlank,false;"
253,"maxDurability,0;amount,1;maxStackSize,64;material,PURPLE_DYE;data,0;itemMetaData,lore[0]{0}displayName[0]{0}itemFlags[0]{0}unbreakable[0]false{0}enchantments[0]{0}repairCost[0]0{0};durability,0;metaType,ITEM;isBlank,false;"
254,"maxDurability,0;amount,1;maxStackSize,64;material,RED_DYE;data,0;itemMetaData,lore[0]{0}displayName[0]{0}itemFlags[0]{0}unbreakable[0]false{0}enchantments[0]{0}repairCost[0]0{0};durability,0;metaType,ITEM;isBlank,false;"
255,"maxDurability,0;amount,1;maxStackSize,64;material,WHITE_TERRACOTTA;data,0;itemMetaData,lore[0]{0}displayName[0]{0}itemFlags[0]{0}unbreakable[0]false{0}enchantments[0]{0}repairCost[0]0{0};durability,0;metaType,ITEM;isBlank,false;"
256,"maxDurability,0;amount,1;maxStackSize,64;material,WHITE_TULIP;data,0;itemMetaData,lore[0]{0}displayName[0]{0}itemFlags[0]{0}unbreakable[0]false{0}enchantments[0]{0}repairCost[0]0{0};durability,0;metaType,ITEM;isBlank,false;"
257,"maxDurability,0;amount,1;maxStackSize,64;material,WHITE_WOOL;data,0;itemMetaData,lore[0]{0}displayName[0]{0}itemFlags[0]{0}unbreakable[0]false{0}enchantments[0]{0}repairCost[0]0{0};durability,0;metaType,ITEM;isBlank,false;"
258,"maxDurability,0;amount,1;maxStackSize,64;material,WITHER_ROSE;data,0;itemMetaData,lore[0]{0}displayName[0]{0}itemFlags[0]{0}unbreakable[0]false{0}enchantments[0]{0}repairCost[0]0{0};durability,0;metaType,ITEM;isBlank,false;"
259,"maxDurability,0;amount,1;maxStackSize,1;material,WRITABLE_BOOK;data,0;itemMetaData,lore[0]{0}displayName[0]{0}itemFlags[0]{0}unbreakable[0]false{0}enchantments[0]{0}repairCost[0]0{0};durability,0;metaType,ITEM;isBlank,false;"
260,"maxDurability,0;amount,1;maxStackSize,64;material,WHITE_DYE;data,0;itemMetaData,lore[0]{0}displayName[0]{0}itemFlags[0]{0}unbreakable[0]false{0}enchantments[0]{0}repairCost[0]0{0};durability,0;metaType,ITEM;isBlank,false;"
261,"maxDurability,0;amount,1;maxStackSize,64;material,YELLOW_DYE;data,0;itemMetaData,lore[0]{0}displayName[0]{0}itemFlags[0]{0}unbreakable[0]false{0}enchantments[0]{0}repairCost[0]0{0};durability,0;metaType,ITEM;isBlank,false;"
262,"maxDurability,0;amount,1;maxStackSize,64;material,YELLOW_TERRACOTTA;data,0;itemMetaData,lore[0]{0}displayName[0]{0}itemFlags[0]{0}unbreakable[0]false{0}enchantments[0]{0}repairCost[0]0{0};durability,0;metaType,ITEM;isBlank,false;"
263,"maxDurability,0;amount,1;maxStackSize,64;material,APPLE;data,0;itemMetaData,lore[0]{0}displayName[0]{0}itemFlags[0]{0}unbreakable[0]false{0}enchantments[0]{0}repairCost[0]0{0};durability,0;metaType,ITEM;isBlank,false;"
264,
265,"lvl,1;enchantment,power;"
266,"lvl,2;enchantment,power;"
267,"lvl,3;enchantment,power;"
268,"lvl,4;enchantment,power;"
269,"lvl,4;enchantment,power;"
270,"lvl,1;enchantment,flame;"
271,"lvl,1;enchantment,infinity;"
272,"lvl,1;enchantment,punch;"
273,"lvl,2;enchantment,punch;"
274,"lvl,1;enchantment,sharpness;"
275,"lvl,2;enchantment,sharpness;"
276,"lvl,3;enchantment,sharpness;"
277,"lvl,4;enchantment,sharpness;"
278,"lvl,5;enchantment,sharpness;"
279,"lvl,1;enchantment,bane_of_arthropods;"
280,"lvl,2;enchantment,bane_of_arthropods;"
281,"lvl,3;enchantment,bane_of_arthropods;"
282,"lvl,4;enchantment,bane_of_arthropods;"
283,"lvl,5;enchantment,bane_of_arthropods;"
284,"lvl,1;enchantment,smite;"
285,"lvl,2;enchantment,smite;"
286,"lvl,3;enchantment,smite;"
287,"lvl,4;enchantment,smite;"
288,"lvl,5;enchantment,smite;"
289,"lvl,1;enchantment,depth_strider;"
290,"lvl,2;enchantment,depth_strider;"
291,"lvl,3;enchantment,depth_strider;"
292,"lvl,1;enchantment,efficiency;"
293,"lvl,2;enchantment,efficiency;"
294,"lvl,3;enchantment,efficiency;"
295,"lvl,4;enchantment,efficiency;"
296,"lvl,5;enchantment,efficiency;"
297,"lvl,1;enchantment,unbreaking;"
298,"lvl,2;enchantment,unbreaking;"
299,"lvl,3;enchantment,unbreaking;"
300,"lvl,1;enchantment,fire_aspect;"
301,"lvl,2;enchantment,fire_aspect;"
302,"lvl,1;enchantment,frost_walker;"
303,"lvl,2;enchantment,frost_walker;"
304,"lvl,1;enchantment,knockback;"
305,"lvl,2;enchantment,knockback;"
306,"lvl,1;enchantment,fortune;"
307,"lvl,2;enchantment,fortune;"
308,"lvl,3;enchantment,fortune;"
309,"lvl,1;enchantment,looting;"
310,"lvl,2;enchantment,looting;"
311,"lvl,3;enchantment,looting;"
312,"lvl,1;enchantment,luck_of_the_sea;"
313,"lvl,2;enchantment,luck_of_the_sea;"
314,"lvl,3;enchantment,luck_of_the_sea;"
315,"lvl,1;enchantment,lure;"
316,"lvl,2;enchantment,lure;"
317,"lvl,3;enchantment,lure;"
318,"lvl,1;enchantment,mending;"
319,"lvl,1;enchantment,respiration;"
320,"lvl,2;enchantment,respiration;"
321,"lvl,3;enchantment,respiration;"
322,"lvl,1;enchantment,protection;"
323,"lvl,2;enchantment,protection;"
324,"lvl,3;enchantment,protection;"
325,"lvl,4;enchantment,protection;"
326,"lvl,1;enchantment,blast_protection;"
327,"lvl,2;enchantment,blast_protection;"
328,"lvl,3;enchantment,blast_protection;"
329,"lvl,4;enchantment,blast_protection;"
330,"lvl,1;enchantment,feather_falling;"
331,"lvl,2;enchantment,feather_falling;"
332,"lvl,3;enchantment,feather_falling;"
333,"lvl,4;enchantment,feather_falling;"
334,"lvl,1;enchantment,fire_protection;"
335,"lvl,2;enchantment,fire_protection;"
336,"lvl,3;enchantment,fire_protection;"
337,"lvl,4;enchantment,fire_protection;"
338,"lvl,1;enchantment,projectile_protection;"
339,"lvl,2;enchantment,projectile_protection;"
340,"lvl,3;enchantment,projectile_protection;"
341,"lvl,4;enchantment,projectile_protection;"
342,"lvl,1;enchantment,silk_touch;"
343,"lvl,1;enchantment,thorns;"
344,"lvl,2;enchantment,thorns;"
345,"lvl,3;enchantment,thorns;"
346,"lvl,1;enchantment,aqua_affinity;"
347,"lvl,1;enchantment,channeling;"
348,"lvl,1;enchantment,impailing;"
349,"lvl,2;enchantment,impailing;"
350,"lvl,3;enchantment,impailing;"
351,"lvl,4;enchantment,impailing;"
352,"lvl,5;enchantment,impailing;"
353,"lvl,1;enchantment,loyalty;"
354,"lvl,2;enchantment,loyalty;"
355,"lvl,3;enchantment,loyalty;"
356,"lvl,1;enchantment,multishot;"
357,"lvl,1;enchantment,piercing;"
358,"lvl,2;enchantment,piercing;"
359,"lvl,3;enchantment,piercing;"
360,"lvl,4;enchantment,piercing;"
361,"lvl,1;enchantment,quick_charge;"
362,"lvl,2;enchantment,quick_charge;"
363,"lvl,3;enchantment,quick_charge;"
364,"lvl,1;enchantment,quick_charge;"
365,"lvl,2;enchantment,quick_charge;"
366,"lvl,3;enchantment,quick_charge;"
367,"lvl,1;enchantment,sweeping_edge;"
368,"lvl,2;enchantment,sweeping_edge;"
369,"lvl,3;enchantment,sweeping_edge;"